--- NEW TOURNAMENT START ---
Runner/196_test.txt
Expected dim: 19, 18
Generating new void board...
Map Dimensions found: 19 rows, 18 cols

--- Internal Check ---
00 00 00 00 00 02 00 01 00 00 00 00 00 00 00 00 00 00 
00 00 00 00 00 00 00 02 00 00 00 00 00 00 00 00 00 00 
00 00 00 00 00 00 00 01 01 01 03 02 01 00 00 00 00 00 
00 00 00 03 00 01 00 00 00 01 01 01 00 00 00 00 00 00 
00 00 00 00 03 01 02 01 01 01 01 01 01 00 00 00 02 00 
00 00 00 02 00 00 00 00 00 00 00 00 00 00 01 00 00 00 
00 00 00 01 00 00 00 00 00 01 00 00 00 00 00 00 00 00 
00 00 02 01 01 02 01 00 01 02 00 00 00 00 00 00 00 00 
00 01 00 00 01 00 01 00 00 00 00 01 00 00 00 00 00 01 
00 02 02 02 01 02 02 01 01 00 01 00 00 00 00 00 01 00 
00 00 02 01 01 01 00 00 00 00 00 00 00 00 00 01 01 00 
00 00 01 01 00 00 00 00 00 00 00 02 01 01 01 01 00 00 
00 00 00 01 01 00 00 00 00 00 00 00 00 00 00 00 00 00 
00 00 02 02 02 02 03 00 00 01 00 00 00 00 01 00 00 00 
00 00 01 00 01 01 01 00 00 01 00 01 00 00 00 00 00 00 
00 00 00 01 01 00 01 02 00 02 00 01 01 01 00 02 00 00 
00 00 00 01 01 00 01 00 00 00 00 01 01 00 00 00 00 00 
00 00 00 00 00 00 00 02 01 01 00 00 00 00 00 00 00 00 
00 00 00 00 00 00 00 00 00 02 00 00 00 00 00 00 00 00 

New scan: Name: GrupaPiotrKuba, Id: 1, Score 101
New scan: Name: Team-E, Id: 2, Score 36
New scan: Name: Sapko_kebab_gamig, Id: 3, Score 57
New scan: Name: Pengwings, Id: 4, Score 53
New scan: Name: Pingwiniarze, Id: 5, Score 3
Successfully loaded 5 players.
Displaying the board.

         |  A1   |  B1   |  C1   |  D1   |  E1   |  F1   |  G1   |  H1   |  I1   |  J1   |  K1   |  L1   |  M1   |  N1   |  O1   |  P1   |  Q1   |  R1   |
––––––––––––––––––––––––––––––––––––––––––––––––––––––––––––––––––––––––––––––––––––––––––––––––––––––––––––––––––––––––––––––––––––––––––––––––––––––––––
|   a1   |   0   |   0   |   0   |   0   |   0   |   2   | P1 p1 |   1   |   0   |   0   |   0   |   0   |   0   |   0   |   0   |   0   |   0   |   0   |
––––––––––––––––––––––––––––––––––––––––––––––––––––––––––––––––––––––––––––––––––––––––––––––––––––––––––––––––––––––––––––––––––––––––––––––––––––––––––
|   b1   |   0   |   0   |   0   |   0   |   0   |   0   |   0   |   2   |   0   |   0   | P5 p1 |   0   |   0   |   0   |   0   |   0   |   0   |   0   |
––––––––––––––––––––––––––––––––––––––––––––––––––––––––––––––––––––––––––––––––––––––––––––––––––––––––––––––––––––––––––––––––––––––––––––––––––––––––––
|   c1   |   0   |   0   |   0   |   0   |   0   |   0   |   0   |   1   |   1   |   1   |   3   |   2   |   1   |   0   |   0   |   0   |   0   |   0   |
––––––––––––––––––––––––––––––––––––––––––––––––––––––––––––––––––––––––––––––––––––––––––––––––––––––––––––––––––––––––––––––––––––––––––––––––––––––––––
|   d1   |   0   |   0   |   0   |   3   |   0   |   1   |   0   |   0   | P1 p2 |   1   |   1   |   1   |   0   | P2 p1 |   0   |   0   |   0   |   0   |
––––––––––––––––––––––––––––––––––––––––––––––––––––––––––––––––––––––––––––––––––––––––––––––––––––––––––––––––––––––––––––––––––––––––––––––––––––––––––
|   e1   |   0   |   0   |   0   |   0   |   3   |   1   |   2   |   1   |   1   |   1   |   1   |   1   |   1   |   0   |   0   |   0   |   2   |   0   |
––––––––––––––––––––––––––––––––––––––––––––––––––––––––––––––––––––––––––––––––––––––––––––––––––––––––––––––––––––––––––––––––––––––––––––––––––––––––––
|   f1   |   0   |   0   |   0   |   2   |   0   |   0   |   0   | P5 p2 |   0   |   0   |   0   |   0   |   0   |   0   |   1   |   0   |   0   |   0   |
––––––––––––––––––––––––––––––––––––––––––––––––––––––––––––––––––––––––––––––––––––––––––––––––––––––––––––––––––––––––––––––––––––––––––––––––––––––––––
|   g1   |   0   |   0   |   0   |   1   |   0   |   0   |   0   |   0   |   0   |   1   |   0   |   0   |   0   |   0   |   0   |   0   |   0   | P2 p2 |
––––––––––––––––––––––––––––––––––––––––––––––––––––––––––––––––––––––––––––––––––––––––––––––––––––––––––––––––––––––––––––––––––––––––––––––––––––––––––
|   h1   |   0   |   0   |   2   |   1   |   1   |   2   |   1   |   0   |   1   |   2   |   0   |   0   | P4 p1 |   0   |   0   |   0   |   0   |   0   |
––––––––––––––––––––––––––––––––––––––––––––––––––––––––––––––––––––––––––––––––––––––––––––––––––––––––––––––––––––––––––––––––––––––––––––––––––––––––––
|   i1   |   0   |   1   |   0   |   0   |   1   |   0   |   1   |   0   |   0   |   0   |   0   |   1   |   0   |   0   |   0   | P3 p1 |   0   |   1   |
––––––––––––––––––––––––––––––––––––––––––––––––––––––––––––––––––––––––––––––––––––––––––––––––––––––––––––––––––––––––––––––––––––––––––––––––––––––––––
|   j1   |   0   |   2   |   2   |   2   |   1   |   2   |   2   |   1   |   1   |   0   |   1   |   0   |   0   |   0   | P2 p3 |   0   |   1   |   0   |
––––––––––––––––––––––––––––––––––––––––––––––––––––––––––––––––––––––––––––––––––––––––––––––––––––––––––––––––––––––––––––––––––––––––––––––––––––––––––
|   k1   |   0   |   0   |   2   |   1   |   1   |   1   |   0   |   0   |   0   | P4 p2 |   0   | P1 p3 |   0   |   0   |   0   |   1   |   1   |   0   |
––––––––––––––––––––––––––––––––––––––––––––––––––––––––––––––––––––––––––––––––––––––––––––––––––––––––––––––––––––––––––––––––––––––––––––––––––––––––––
|   l1   |   0   |   0   |   1   |   1   |   0   |   0   |   0   |   0   |   0   |   0   |   0   |   2   |   1   |   1   |   1   |   1   |   0   | P3 p2 |
––––––––––––––––––––––––––––––––––––––––––––––––––––––––––––––––––––––––––––––––––––––––––––––––––––––––––––––––––––––––––––––––––––––––––––––––––––––––––
|   m1   |   0   |   0   |   0   |   1   |   1   |   0   |   0   | P4 p3 | P3 p3 |   0   |   0   |   0   |   0   |   0   |   0   |   0   |   0   |   0   |
––––––––––––––––––––––––––––––––––––––––––––––––––––––––––––––––––––––––––––––––––––––––––––––––––––––––––––––––––––––––––––––––––––––––––––––––––––––––––
|   n1   |   0   |   0   |   2   |   2   |   2   |   2   |   3   |   0   |   0   |   1   |   0   |   0   |   0   |   0   |   1   |   0   |   0   |   0   |
––––––––––––––––––––––––––––––––––––––––––––––––––––––––––––––––––––––––––––––––––––––––––––––––––––––––––––––––––––––––––––––––––––––––––––––––––––––––––
|   o1   |   0   |   0   |   1   |   0   |   1   |   1   |   1   |   0   |   0   |   1   |   0   |   1   |   0   |   0   |   0   |   0   |   0   |   0   |
––––––––––––––––––––––––––––––––––––––––––––––––––––––––––––––––––––––––––––––––––––––––––––––––––––––––––––––––––––––––––––––––––––––––––––––––––––––––––
|   p1   |   0   |   0   |   0   |   1   |   1   |   0   |   1   |   2   |   0   |   2   |   0   |   1   |   1   |   1   | P5 p3 |   2   |   0   |   0   |
––––––––––––––––––––––––––––––––––––––––––––––––––––––––––––––––––––––––––––––––––––––––––––––––––––––––––––––––––––––––––––––––––––––––––––––––––––––––––
|   q1   |   0   |   0   |   0   |   1   |   1   |   0   |   1   |   0   |   0   |   0   |   0   |   1   |   1   |   0   |   0   |   0   |   0   |   0   |
––––––––––––––––––––––––––––––––––––––––––––––––––––––––––––––––––––––––––––––––––––––––––––––––––––––––––––––––––––––––––––––––––––––––––––––––––––––––––
|   r1   |   0   |   0   |   0   |   0   |   0   |   0   |   0   |   2   |   1   |   1   |   0   |   0   |   0   |   0   |   0   |   0   |   0   |   0   |
––––––––––––––––––––––––––––––––––––––––––––––––––––––––––––––––––––––––––––––––––––––––––––––––––––––––––––––––––––––––––––––––––––––––––––––––––––––––––
|   s1   |   0   |   0   |   0   |   0   |   0   |   0   |   0   |   0   |   0   |   2   |   0   |   0   |   0   |   0   |   0   |   0   |   0   |   0   |
––––––––––––––––––––––––––––––––––––––––––––––––––––––––––––––––––––––––––––––––––––––––––––––––––––––––––––––––––––––––––––––––––––––––––––––––––––––––––
Pointer to penguins: 0x5f82029be4b0
Best move: fromX 1, fromY: 10, toX: 3, toY: 10, as 4, penguin id 0
Displaying the board.

         |  A1   |  B1   |  C1   |  D1   |  E1   |  F1   |  G1   |  H1   |  I1   |  J1   |  K1   |  L1   |  M1   |  N1   |  O1   |  P1   |  Q1   |  R1   |
––––––––––––––––––––––––––––––––––––––––––––––––––––––––––––––––––––––––––––––––––––––––––––––––––––––––––––––––––––––––––––––––––––––––––––––––––––––––––
|   a1   |   0   |   0   |   0   |   0   |   0   |   2   | P1 p1 |   1   |   0   |   0   |   0   |   0   |   0   |   0   |   0   |   0   |   0   |   0   |
––––––––––––––––––––––––––––––––––––––––––––––––––––––––––––––––––––––––––––––––––––––––––––––––––––––––––––––––––––––––––––––––––––––––––––––––––––––––––
|   b1   |   0   |   0   |   0   |   0   |   0   |   0   |   0   |   2   |   0   |   0   |   0   |   0   |   0   |   0   |   0   |   0   |   0   |   0   |
––––––––––––––––––––––––––––––––––––––––––––––––––––––––––––––––––––––––––––––––––––––––––––––––––––––––––––––––––––––––––––––––––––––––––––––––––––––––––
|   c1   |   0   |   0   |   0   |   0   |   0   |   0   |   0   |   1   |   1   |   1   |   3   |   2   |   1   |   0   |   0   |   0   |   0   |   0   |
––––––––––––––––––––––––––––––––––––––––––––––––––––––––––––––––––––––––––––––––––––––––––––––––––––––––––––––––––––––––––––––––––––––––––––––––––––––––––
|   d1   |   0   |   0   |   0   |   3   |   0   |   1   |   0   |   0   | P1 p2 |   1   | P5 p1 |   1   |   0   | P2 p1 |   0   |   0   |   0   |   0   |
––––––––––––––––––––––––––––––––––––––––––––––––––––––––––––––––––––––––––––––––––––––––––––––––––––––––––––––––––––––––––––––––––––––––––––––––––––––––––
|   e1   |   0   |   0   |   0   |   0   |   3   |   1   |   2   |   1   |   1   |   1   |   1   |   1   |   1   |   0   |   0   |   0   |   2   |   0   |
––––––––––––––––––––––––––––––––––––––––––––––––––––––––––––––––––––––––––––––––––––––––––––––––––––––––––––––––––––––––––––––––––––––––––––––––––––––––––
|   f1   |   0   |   0   |   0   |   2   |   0   |   0   |   0   | P5 p2 |   0   |   0   |   0   |   0   |   0   |   0   |   1   |   0   |   0   |   0   |
––––––––––––––––––––––––––––––––––––––––––––––––––––––––––––––––––––––––––––––––––––––––––––––––––––––––––––––––––––––––––––––––––––––––––––––––––––––––––
|   g1   |   0   |   0   |   0   |   1   |   0   |   0   |   0   |   0   |   0   |   1   |   0   |   0   |   0   |   0   |   0   |   0   |   0   | P2 p2 |
––––––––––––––––––––––––––––––––––––––––––––––––––––––––––––––––––––––––––––––––––––––––––––––––––––––––––––––––––––––––––––––––––––––––––––––––––––––––––
|   h1   |   0   |   0   |   2   |   1   |   1   |   2   |   1   |   0   |   1   |   2   |   0   |   0   | P4 p1 |   0   |   0   |   0   |   0   |   0   |
––––––––––––––––––––––––––––––––––––––––––––––––––––––––––––––––––––––––––––––––––––––––––––––––––––––––––––––––––––––––––––––––––––––––––––––––––––––––––
|   i1   |   0   |   1   |   0   |   0   |   1   |   0   |   1   |   0   |   0   |   0   |   0   |   1   |   0   |   0   |   0   | P3 p1 |   0   |   1   |
––––––––––––––––––––––––––––––––––––––––––––––––––––––––––––––––––––––––––––––––––––––––––––––––––––––––––––––––––––––––––––––––––––––––––––––––––––––––––
|   j1   |   0   |   2   |   2   |   2   |   1   |   2   |   2   |   1   |   1   |   0   |   1   |   0   |   0   |   0   | P2 p3 |   0   |   1   |   0   |
––––––––––––––––––––––––––––––––––––––––––––––––––––––––––––––––––––––––––––––––––––––––––––––––––––––––––––––––––––––––––––––––––––––––––––––––––––––––––
|   k1   |   0   |   0   |   2   |   1   |   1   |   1   |   0   |   0   |   0   | P4 p2 |   0   | P1 p3 |   0   |   0   |   0   |   1   |   1   |   0   |
––––––––––––––––––––––––––––––––––––––––––––––––––––––––––––––––––––––––––––––––––––––––––––––––––––––––––––––––––––––––––––––––––––––––––––––––––––––––––
|   l1   |   0   |   0   |   1   |   1   |   0   |   0   |   0   |   0   |   0   |   0   |   0   |   2   |   1   |   1   |   1   |   1   |   0   | P3 p2 |
––––––––––––––––––––––––––––––––––––––––––––––––––––––––––––––––––––––––––––––––––––––––––––––––––––––––––––––––––––––––––––––––––––––––––––––––––––––––––
|   m1   |   0   |   0   |   0   |   1   |   1   |   0   |   0   | P4 p3 | P3 p3 |   0   |   0   |   0   |   0   |   0   |   0   |   0   |   0   |   0   |
––––––––––––––––––––––––––––––––––––––––––––––––––––––––––––––––––––––––––––––––––––––––––––––––––––––––––––––––––––––––––––––––––––––––––––––––––––––––––
|   n1   |   0   |   0   |   2   |   2   |   2   |   2   |   3   |   0   |   0   |   1   |   0   |   0   |   0   |   0   |   1   |   0   |   0   |   0   |
––––––––––––––––––––––––––––––––––––––––––––––––––––––––––––––––––––––––––––––––––––––––––––––––––––––––––––––––––––––––––––––––––––––––––––––––––––––––––
|   o1   |   0   |   0   |   1   |   0   |   1   |   1   |   1   |   0   |   0   |   1   |   0   |   1   |   0   |   0   |   0   |   0   |   0   |   0   |
––––––––––––––––––––––––––––––––––––––––––––––––––––––––––––––––––––––––––––––––––––––––––––––––––––––––––––––––––––––––––––––––––––––––––––––––––––––––––
|   p1   |   0   |   0   |   0   |   1   |   1   |   0   |   1   |   2   |   0   |   2   |   0   |   1   |   1   |   1   | P5 p3 |   2   |   0   |   0   |
––––––––––––––––––––––––––––––––––––––––––––––––––––––––––––––––––––––––––––––––––––––––––––––––––––––––––––––––––––––––––––––––––––––––––––––––––––––––––
|   q1   |   0   |   0   |   0   |   1   |   1   |   0   |   1   |   0   |   0   |   0   |   0   |   1   |   1   |   0   |   0   |   0   |   0   |   0   |
––––––––––––––––––––––––––––––––––––––––––––––––––––––––––––––––––––––––––––––––––––––––––––––––––––––––––––––––––––––––––––––––––––––––––––––––––––––––––
|   r1   |   0   |   0   |   0   |   0   |   0   |   0   |   0   |   2   |   1   |   1   |   0   |   0   |   0   |   0   |   0   |   0   |   0   |   0   |
––––––––––––––––––––––––––––––––––––––––––––––––––––––––––––––––––––––––––––––––––––––––––––––––––––––––––––––––––––––––––––––––––––––––––––––––––––––––––
|   s1   |   0   |   0   |   0   |   0   |   0   |   0   |   0   |   0   |   0   |   2   |   0   |   0   |   0   |   0   |   0   |   0   |   0   |   0   |
––––––––––––––––––––––––––––––––––––––––––––––––––––––––––––––––––––––––––––––––––––––––––––––––––––––––––––––––––––––––––––––––––––––––––––––––––––––––––
Runner/a.txt
Enumerating players, plr count: 5
--- Runda 2 ---
Runner/a.txt
Expected dim: 19, 18
Generating new void board...
Map Dimensions found: 19 rows, 18 cols

--- Internal Check ---
00 00 00 00 00 02 00 01 00 00 00 00 00 00 00 00 00 00 
00 00 00 00 00 00 00 02 00 00 00 00 00 00 00 00 00 00 
00 00 00 00 00 00 00 01 01 01 03 02 01 00 00 00 00 00 
00 00 00 03 00 01 00 00 00 01 00 01 00 00 00 00 00 00 
00 00 00 00 03 01 02 01 01 01 01 01 01 00 00 00 02 00 
00 00 00 02 00 00 00 00 00 00 00 00 00 00 01 00 00 00 
00 00 00 01 00 00 00 00 00 01 00 00 00 00 00 00 00 00 
00 00 02 01 01 02 01 00 01 02 00 00 00 00 00 00 00 00 
00 01 00 00 01 00 01 00 00 00 00 01 00 00 00 00 00 01 
00 02 02 02 01 02 02 01 01 00 01 00 00 00 00 00 01 00 
00 00 02 01 01 01 00 00 00 00 00 00 00 00 00 01 01 00 
00 00 01 01 00 00 00 00 00 00 00 02 01 01 01 01 00 00 
00 00 00 01 01 00 00 00 00 00 00 00 00 00 00 00 00 00 
00 00 02 02 02 02 03 00 00 01 00 00 00 00 01 00 00 00 
00 00 01 00 01 01 01 00 00 01 00 01 00 00 00 00 00 00 
00 00 00 01 01 00 01 02 00 02 00 01 01 01 00 02 00 00 
00 00 00 01 01 00 01 00 00 00 00 01 01 00 00 00 00 00 
00 00 00 00 00 00 00 02 01 01 00 00 00 00 00 00 00 00 
00 00 00 00 00 00 00 00 00 02 00 00 00 00 00 00 00 00 

New scan: Name: GrupaPiotrKuba, Id: 1, Score 101
New scan: Name: Team-E, Id: 2, Score 36
New scan: Name: Sapko_kebab_gamig, Id: 3, Score 57
New scan: Name: Pengwings, Id: 4, Score 53
New scan: Name: Pingwiniarze, Id: 5, Score 4
Successfully loaded 5 players.
Displaying the board.

         |  A1   |  B1   |  C1   |  D1   |  E1   |  F1   |  G1   |  H1   |  I1   |  J1   |  K1   |  L1   |  M1   |  N1   |  O1   |  P1   |  Q1   |  R1   |
––––––––––––––––––––––––––––––––––––––––––––––––––––––––––––––––––––––––––––––––––––––––––––––––––––––––––––––––––––––––––––––––––––––––––––––––––––––––––
|   a1   |   0   |   0   |   0   |   0   |   0   |   2   | P1 p1 |   1   |   0   |   0   |   0   |   0   |   0   |   0   |   0   |   0   |   0   |   0   |
––––––––––––––––––––––––––––––––––––––––––––––––––––––––––––––––––––––––––––––––––––––––––––––––––––––––––––––––––––––––––––––––––––––––––––––––––––––––––
|   b1   |   0   |   0   |   0   |   0   |   0   |   0   |   0   |   2   |   0   |   0   |   0   |   0   |   0   |   0   |   0   |   0   |   0   |   0   |
––––––––––––––––––––––––––––––––––––––––––––––––––––––––––––––––––––––––––––––––––––––––––––––––––––––––––––––––––––––––––––––––––––––––––––––––––––––––––
|   c1   |   0   |   0   |   0   |   0   |   0   |   0   |   0   |   1   |   1   |   1   |   3   |   2   |   1   |   0   |   0   |   0   |   0   |   0   |
––––––––––––––––––––––––––––––––––––––––––––––––––––––––––––––––––––––––––––––––––––––––––––––––––––––––––––––––––––––––––––––––––––––––––––––––––––––––––
|   d1   |   0   |   0   |   0   |   3   |   0   |   1   |   0   |   0   | P1 p2 |   1   | P5 p1 |   1   |   0   | P2 p1 |   0   |   0   |   0   |   0   |
––––––––––––––––––––––––––––––––––––––––––––––––––––––––––––––––––––––––––––––––––––––––––––––––––––––––––––––––––––––––––––––––––––––––––––––––––––––––––
|   e1   |   0   |   0   |   0   |   0   |   3   |   1   |   2   |   1   |   1   |   1   |   1   |   1   |   1   |   0   |   0   |   0   |   2   |   0   |
––––––––––––––––––––––––––––––––––––––––––––––––––––––––––––––––––––––––––––––––––––––––––––––––––––––––––––––––––––––––––––––––––––––––––––––––––––––––––
|   f1   |   0   |   0   |   0   |   2   |   0   |   0   |   0   | P5 p2 |   0   |   0   |   0   |   0   |   0   |   0   |   1   |   0   |   0   |   0   |
––––––––––––––––––––––––––––––––––––––––––––––––––––––––––––––––––––––––––––––––––––––––––––––––––––––––––––––––––––––––––––––––––––––––––––––––––––––––––
|   g1   |   0   |   0   |   0   |   1   |   0   |   0   |   0   |   0   |   0   |   1   |   0   |   0   |   0   |   0   |   0   |   0   |   0   | P2 p2 |
––––––––––––––––––––––––––––––––––––––––––––––––––––––––––––––––––––––––––––––––––––––––––––––––––––––––––––––––––––––––––––––––––––––––––––––––––––––––––
|   h1   |   0   |   0   |   2   |   1   |   1   |   2   |   1   |   0   |   1   |   2   |   0   |   0   | P4 p1 |   0   |   0   |   0   |   0   |   0   |
––––––––––––––––––––––––––––––––––––––––––––––––––––––––––––––––––––––––––––––––––––––––––––––––––––––––––––––––––––––––––––––––––––––––––––––––––––––––––
|   i1   |   0   |   1   |   0   |   0   |   1   |   0   |   1   |   0   |   0   |   0   |   0   |   1   |   0   |   0   |   0   | P3 p1 |   0   |   1   |
––––––––––––––––––––––––––––––––––––––––––––––––––––––––––––––––––––––––––––––––––––––––––––––––––––––––––––––––––––––––––––––––––––––––––––––––––––––––––
|   j1   |   0   |   2   |   2   |   2   |   1   |   2   |   2   |   1   |   1   |   0   |   1   |   0   |   0   |   0   | P2 p3 |   0   |   1   |   0   |
––––––––––––––––––––––––––––––––––––––––––––––––––––––––––––––––––––––––––––––––––––––––––––––––––––––––––––––––––––––––––––––––––––––––––––––––––––––––––
|   k1   |   0   |   0   |   2   |   1   |   1   |   1   |   0   |   0   |   0   | P4 p2 |   0   | P1 p3 |   0   |   0   |   0   |   1   |   1   |   0   |
––––––––––––––––––––––––––––––––––––––––––––––––––––––––––––––––––––––––––––––––––––––––––––––––––––––––––––––––––––––––––––––––––––––––––––––––––––––––––
|   l1   |   0   |   0   |   1   |   1   |   0   |   0   |   0   |   0   |   0   |   0   |   0   |   2   |   1   |   1   |   1   |   1   |   0   | P3 p2 |
––––––––––––––––––––––––––––––––––––––––––––––––––––––––––––––––––––––––––––––––––––––––––––––––––––––––––––––––––––––––––––––––––––––––––––––––––––––––––
|   m1   |   0   |   0   |   0   |   1   |   1   |   0   |   0   | P4 p3 | P3 p3 |   0   |   0   |   0   |   0   |   0   |   0   |   0   |   0   |   0   |
––––––––––––––––––––––––––––––––––––––––––––––––––––––––––––––––––––––––––––––––––––––––––––––––––––––––––––––––––––––––––––––––––––––––––––––––––––––––––
|   n1   |   0   |   0   |   2   |   2   |   2   |   2   |   3   |   0   |   0   |   1   |   0   |   0   |   0   |   0   |   1   |   0   |   0   |   0   |
––––––––––––––––––––––––––––––––––––––––––––––––––––––––––––––––––––––––––––––––––––––––––––––––––––––––––––––––––––––––––––––––––––––––––––––––––––––––––
|   o1   |   0   |   0   |   1   |   0   |   1   |   1   |   1   |   0   |   0   |   1   |   0   |   1   |   0   |   0   |   0   |   0   |   0   |   0   |
––––––––––––––––––––––––––––––––––––––––––––––––––––––––––––––––––––––––––––––––––––––––––––––––––––––––––––––––––––––––––––––––––––––––––––––––––––––––––
|   p1   |   0   |   0   |   0   |   1   |   1   |   0   |   1   |   2   |   0   |   2   |   0   |   1   |   1   |   1   | P5 p3 |   2   |   0   |   0   |
––––––––––––––––––––––––––––––––––––––––––––––––––––––––––––––––––––––––––––––––––––––––––––––––––––––––––––––––––––––––––––––––––––––––––––––––––––––––––
|   q1   |   0   |   0   |   0   |   1   |   1   |   0   |   1   |   0   |   0   |   0   |   0   |   1   |   1   |   0   |   0   |   0   |   0   |   0   |
––––––––––––––––––––––––––––––––––––––––––––––––––––––––––––––––––––––––––––––––––––––––––––––––––––––––––––––––––––––––––––––––––––––––––––––––––––––––––
|   r1   |   0   |   0   |   0   |   0   |   0   |   0   |   0   |   2   |   1   |   1   |   0   |   0   |   0   |   0   |   0   |   0   |   0   |   0   |
––––––––––––––––––––––––––––––––––––––––––––––––––––––––––––––––––––––––––––––––––––––––––––––––––––––––––––––––––––––––––––––––––––––––––––––––––––––––––
|   s1   |   0   |   0   |   0   |   0   |   0   |   0   |   0   |   0   |   0   |   2   |   0   |   0   |   0   |   0   |   0   |   0   |   0   |   0   |
––––––––––––––––––––––––––––––––––––––––––––––––––––––––––––––––––––––––––––––––––––––––––––––––––––––––––––––––––––––––––––––––––––––––––––––––––––––––––
Pointer to penguins: 0x558d43de54b0
Best move: fromX 3, fromY: 10, toX: 4, toY: 10, as 4, penguin id 0
Displaying the board.

         |  A1   |  B1   |  C1   |  D1   |  E1   |  F1   |  G1   |  H1   |  I1   |  J1   |  K1   |  L1   |  M1   |  N1   |  O1   |  P1   |  Q1   |  R1   |
––––––––––––––––––––––––––––––––––––––––––––––––––––––––––––––––––––––––––––––––––––––––––––––––––––––––––––––––––––––––––––––––––––––––––––––––––––––––––
|   a1   |   0   |   0   |   0   |   0   |   0   |   2   | P1 p1 |   1   |   0   |   0   |   0   |   0   |   0   |   0   |   0   |   0   |   0   |   0   |
––––––––––––––––––––––––––––––––––––––––––––––––––––––––––––––––––––––––––––––––––––––––––––––––––––––––––––––––––––––––––––––––––––––––––––––––––––––––––
|   b1   |   0   |   0   |   0   |   0   |   0   |   0   |   0   |   2   |   0   |   0   |   0   |   0   |   0   |   0   |   0   |   0   |   0   |   0   |
––––––––––––––––––––––––––––––––––––––––––––––––––––––––––––––––––––––––––––––––––––––––––––––––––––––––––––––––––––––––––––––––––––––––––––––––––––––––––
|   c1   |   0   |   0   |   0   |   0   |   0   |   0   |   0   |   1   |   1   |   1   |   3   |   2   |   1   |   0   |   0   |   0   |   0   |   0   |
––––––––––––––––––––––––––––––––––––––––––––––––––––––––––––––––––––––––––––––––––––––––––––––––––––––––––––––––––––––––––––––––––––––––––––––––––––––––––
|   d1   |   0   |   0   |   0   |   3   |   0   |   1   |   0   |   0   | P1 p2 |   1   |   0   |   1   |   0   | P2 p1 |   0   |   0   |   0   |   0   |
––––––––––––––––––––––––––––––––––––––––––––––––––––––––––––––––––––––––––––––––––––––––––––––––––––––––––––––––––––––––––––––––––––––––––––––––––––––––––
|   e1   |   0   |   0   |   0   |   0   |   3   |   1   |   2   |   1   |   1   |   1   | P5 p1 |   1   |   1   |   0   |   0   |   0   |   2   |   0   |
––––––––––––––––––––––––––––––––––––––––––––––––––––––––––––––––––––––––––––––––––––––––––––––––––––––––––––––––––––––––––––––––––––––––––––––––––––––––––
|   f1   |   0   |   0   |   0   |   2   |   0   |   0   |   0   | P5 p2 |   0   |   0   |   0   |   0   |   0   |   0   |   1   |   0   |   0   |   0   |
––––––––––––––––––––––––––––––––––––––––––––––––––––––––––––––––––––––––––––––––––––––––––––––––––––––––––––––––––––––––––––––––––––––––––––––––––––––––––
|   g1   |   0   |   0   |   0   |   1   |   0   |   0   |   0   |   0   |   0   |   1   |   0   |   0   |   0   |   0   |   0   |   0   |   0   | P2 p2 |
––––––––––––––––––––––––––––––––––––––––––––––––––––––––––––––––––––––––––––––––––––––––––––––––––––––––––––––––––––––––––––––––––––––––––––––––––––––––––
|   h1   |   0   |   0   |   2   |   1   |   1   |   2   |   1   |   0   |   1   |   2   |   0   |   0   | P4 p1 |   0   |   0   |   0   |   0   |   0   |
––––––––––––––––––––––––––––––––––––––––––––––––––––––––––––––––––––––––––––––––––––––––––––––––––––––––––––––––––––––––––––––––––––––––––––––––––––––––––
|   i1   |   0   |   1   |   0   |   0   |   1   |   0   |   1   |   0   |   0   |   0   |   0   |   1   |   0   |   0   |   0   | P3 p1 |   0   |   1   |
––––––––––––––––––––––––––––––––––––––––––––––––––––––––––––––––––––––––––––––––––––––––––––––––––––––––––––––––––––––––––––––––––––––––––––––––––––––––––
|   j1   |   0   |   2   |   2   |   2   |   1   |   2   |   2   |   1   |   1   |   0   |   1   |   0   |   0   |   0   | P2 p3 |   0   |   1   |   0   |
––––––––––––––––––––––––––––––––––––––––––––––––––––––––––––––––––––––––––––––––––––––––––––––––––––––––––––––––––––––––––––––––––––––––––––––––––––––––––
|   k1   |   0   |   0   |   2   |   1   |   1   |   1   |   0   |   0   |   0   | P4 p2 |   0   | P1 p3 |   0   |   0   |   0   |   1   |   1   |   0   |
––––––––––––––––––––––––––––––––––––––––––––––––––––––––––––––––––––––––––––––––––––––––––––––––––––––––––––––––––––––––––––––––––––––––––––––––––––––––––
|   l1   |   0   |   0   |   1   |   1   |   0   |   0   |   0   |   0   |   0   |   0   |   0   |   2   |   1   |   1   |   1   |   1   |   0   | P3 p2 |
––––––––––––––––––––––––––––––––––––––––––––––––––––––––––––––––––––––––––––––––––––––––––––––––––––––––––––––––––––––––––––––––––––––––––––––––––––––––––
|   m1   |   0   |   0   |   0   |   1   |   1   |   0   |   0   | P4 p3 | P3 p3 |   0   |   0   |   0   |   0   |   0   |   0   |   0   |   0   |   0   |
––––––––––––––––––––––––––––––––––––––––––––––––––––––––––––––––––––––––––––––––––––––––––––––––––––––––––––––––––––––––––––––––––––––––––––––––––––––––––
|   n1   |   0   |   0   |   2   |   2   |   2   |   2   |   3   |   0   |   0   |   1   |   0   |   0   |   0   |   0   |   1   |   0   |   0   |   0   |
––––––––––––––––––––––––––––––––––––––––––––––––––––––––––––––––––––––––––––––––––––––––––––––––––––––––––––––––––––––––––––––––––––––––––––––––––––––––––
|   o1   |   0   |   0   |   1   |   0   |   1   |   1   |   1   |   0   |   0   |   1   |   0   |   1   |   0   |   0   |   0   |   0   |   0   |   0   |
––––––––––––––––––––––––––––––––––––––––––––––––––––––––––––––––––––––––––––––––––––––––––––––––––––––––––––––––––––––––––––––––––––––––––––––––––––––––––
|   p1   |   0   |   0   |   0   |   1   |   1   |   0   |   1   |   2   |   0   |   2   |   0   |   1   |   1   |   1   | P5 p3 |   2   |   0   |   0   |
––––––––––––––––––––––––––––––––––––––––––––––––––––––––––––––––––––––––––––––––––––––––––––––––––––––––––––––––––––––––––––––––––––––––––––––––––––––––––
|   q1   |   0   |   0   |   0   |   1   |   1   |   0   |   1   |   0   |   0   |   0   |   0   |   1   |   1   |   0   |   0   |   0   |   0   |   0   |
––––––––––––––––––––––––––––––––––––––––––––––––––––––––––––––––––––––––––––––––––––––––––––––––––––––––––––––––––––––––––––––––––––––––––––––––––––––––––
|   r1   |   0   |   0   |   0   |   0   |   0   |   0   |   0   |   2   |   1   |   1   |   0   |   0   |   0   |   0   |   0   |   0   |   0   |   0   |
––––––––––––––––––––––––––––––––––––––––––––––––––––––––––––––––––––––––––––––––––––––––––––––––––––––––––––––––––––––––––––––––––––––––––––––––––––––––––
|   s1   |   0   |   0   |   0   |   0   |   0   |   0   |   0   |   0   |   0   |   2   |   0   |   0   |   0   |   0   |   0   |   0   |   0   |   0   |
––––––––––––––––––––––––––––––––––––––––––––––––––––––––––––––––––––––––––––––––––––––––––––––––––––––––––––––––––––––––––––––––––––––––––––––––––––––––––
Runner/a.txt
Enumerating players, plr count: 5
--- Runda 3 ---
Runner/a.txt
Expected dim: 19, 18
Generating new void board...
Map Dimensions found: 19 rows, 18 cols

--- Internal Check ---
00 00 00 00 00 02 00 01 00 00 00 00 00 00 00 00 00 00 
00 00 00 00 00 00 00 02 00 00 00 00 00 00 00 00 00 00 
00 00 00 00 00 00 00 01 01 01 03 02 01 00 00 00 00 00 
00 00 00 03 00 01 00 00 00 01 00 01 00 00 00 00 00 00 
00 00 00 00 03 01 02 01 01 01 00 01 01 00 00 00 02 00 
00 00 00 02 00 00 00 00 00 00 00 00 00 00 01 00 00 00 
00 00 00 01 00 00 00 00 00 01 00 00 00 00 00 00 00 00 
00 00 02 01 01 02 01 00 01 02 00 00 00 00 00 00 00 00 
00 01 00 00 01 00 01 00 00 00 00 01 00 00 00 00 00 01 
00 02 02 02 01 02 02 01 01 00 01 00 00 00 00 00 01 00 
00 00 02 01 01 01 00 00 00 00 00 00 00 00 00 01 01 00 
00 00 01 01 00 00 00 00 00 00 00 02 01 01 01 01 00 00 
00 00 00 01 01 00 00 00 00 00 00 00 00 00 00 00 00 00 
00 00 02 02 02 02 03 00 00 01 00 00 00 00 01 00 00 00 
00 00 01 00 01 01 01 00 00 01 00 01 00 00 00 00 00 00 
00 00 00 01 01 00 01 02 00 02 00 01 01 01 00 02 00 00 
00 00 00 01 01 00 01 00 00 00 00 01 01 00 00 00 00 00 
00 00 00 00 00 00 00 02 01 01 00 00 00 00 00 00 00 00 
00 00 00 00 00 00 00 00 00 02 00 00 00 00 00 00 00 00 

New scan: Name: GrupaPiotrKuba, Id: 1, Score 101
New scan: Name: Team-E, Id: 2, Score 36
New scan: Name: Sapko_kebab_gamig, Id: 3, Score 57
New scan: Name: Pengwings, Id: 4, Score 53
New scan: Name: Pingwiniarze, Id: 5, Score 5
Successfully loaded 5 players.
Displaying the board.

         |  A1   |  B1   |  C1   |  D1   |  E1   |  F1   |  G1   |  H1   |  I1   |  J1   |  K1   |  L1   |  M1   |  N1   |  O1   |  P1   |  Q1   |  R1   |
––––––––––––––––––––––––––––––––––––––––––––––––––––––––––––––––––––––––––––––––––––––––––––––––––––––––––––––––––––––––––––––––––––––––––––––––––––––––––
|   a1   |   0   |   0   |   0   |   0   |   0   |   2   | P1 p1 |   1   |   0   |   0   |   0   |   0   |   0   |   0   |   0   |   0   |   0   |   0   |
––––––––––––––––––––––––––––––––––––––––––––––––––––––––––––––––––––––––––––––––––––––––––––––––––––––––––––––––––––––––––––––––––––––––––––––––––––––––––
|   b1   |   0   |   0   |   0   |   0   |   0   |   0   |   0   |   2   |   0   |   0   |   0   |   0   |   0   |   0   |   0   |   0   |   0   |   0   |
––––––––––––––––––––––––––––––––––––––––––––––––––––––––––––––––––––––––––––––––––––––––––––––––––––––––––––––––––––––––––––––––––––––––––––––––––––––––––
|   c1   |   0   |   0   |   0   |   0   |   0   |   0   |   0   |   1   |   1   |   1   |   3   |   2   |   1   |   0   |   0   |   0   |   0   |   0   |
––––––––––––––––––––––––––––––––––––––––––––––––––––––––––––––––––––––––––––––––––––––––––––––––––––––––––––––––––––––––––––––––––––––––––––––––––––––––––
|   d1   |   0   |   0   |   0   |   3   |   0   |   1   |   0   |   0   | P1 p2 |   1   |   0   |   1   |   0   | P2 p1 |   0   |   0   |   0   |   0   |
––––––––––––––––––––––––––––––––––––––––––––––––––––––––––––––––––––––––––––––––––––––––––––––––––––––––––––––––––––––––––––––––––––––––––––––––––––––––––
|   e1   |   0   |   0   |   0   |   0   |   3   |   1   |   2   |   1   |   1   |   1   | P5 p1 |   1   |   1   |   0   |   0   |   0   |   2   |   0   |
––––––––––––––––––––––––––––––––––––––––––––––––––––––––––––––––––––––––––––––––––––––––––––––––––––––––––––––––––––––––––––––––––––––––––––––––––––––––––
|   f1   |   0   |   0   |   0   |   2   |   0   |   0   |   0   | P5 p2 |   0   |   0   |   0   |   0   |   0   |   0   |   1   |   0   |   0   |   0   |
––––––––––––––––––––––––––––––––––––––––––––––––––––––––––––––––––––––––––––––––––––––––––––––––––––––––––––––––––––––––––––––––––––––––––––––––––––––––––
|   g1   |   0   |   0   |   0   |   1   |   0   |   0   |   0   |   0   |   0   |   1   |   0   |   0   |   0   |   0   |   0   |   0   |   0   | P2 p2 |
––––––––––––––––––––––––––––––––––––––––––––––––––––––––––––––––––––––––––––––––––––––––––––––––––––––––––––––––––––––––––––––––––––––––––––––––––––––––––
|   h1   |   0   |   0   |   2   |   1   |   1   |   2   |   1   |   0   |   1   |   2   |   0   |   0   | P4 p1 |   0   |   0   |   0   |   0   |   0   |
––––––––––––––––––––––––––––––––––––––––––––––––––––––––––––––––––––––––––––––––––––––––––––––––––––––––––––––––––––––––––––––––––––––––––––––––––––––––––
|   i1   |   0   |   1   |   0   |   0   |   1   |   0   |   1   |   0   |   0   |   0   |   0   |   1   |   0   |   0   |   0   | P3 p1 |   0   |   1   |
––––––––––––––––––––––––––––––––––––––––––––––––––––––––––––––––––––––––––––––––––––––––––––––––––––––––––––––––––––––––––––––––––––––––––––––––––––––––––
|   j1   |   0   |   2   |   2   |   2   |   1   |   2   |   2   |   1   |   1   |   0   |   1   |   0   |   0   |   0   | P2 p3 |   0   |   1   |   0   |
––––––––––––––––––––––––––––––––––––––––––––––––––––––––––––––––––––––––––––––––––––––––––––––––––––––––––––––––––––––––––––––––––––––––––––––––––––––––––
|   k1   |   0   |   0   |   2   |   1   |   1   |   1   |   0   |   0   |   0   | P4 p2 |   0   | P1 p3 |   0   |   0   |   0   |   1   |   1   |   0   |
––––––––––––––––––––––––––––––––––––––––––––––––––––––––––––––––––––––––––––––––––––––––––––––––––––––––––––––––––––––––––––––––––––––––––––––––––––––––––
|   l1   |   0   |   0   |   1   |   1   |   0   |   0   |   0   |   0   |   0   |   0   |   0   |   2   |   1   |   1   |   1   |   1   |   0   | P3 p2 |
––––––––––––––––––––––––––––––––––––––––––––––––––––––––––––––––––––––––––––––––––––––––––––––––––––––––––––––––––––––––––––––––––––––––––––––––––––––––––
|   m1   |   0   |   0   |   0   |   1   |   1   |   0   |   0   | P4 p3 | P3 p3 |   0   |   0   |   0   |   0   |   0   |   0   |   0   |   0   |   0   |
––––––––––––––––––––––––––––––––––––––––––––––––––––––––––––––––––––––––––––––––––––––––––––––––––––––––––––––––––––––––––––––––––––––––––––––––––––––––––
|   n1   |   0   |   0   |   2   |   2   |   2   |   2   |   3   |   0   |   0   |   1   |   0   |   0   |   0   |   0   |   1   |   0   |   0   |   0   |
––––––––––––––––––––––––––––––––––––––––––––––––––––––––––––––––––––––––––––––––––––––––––––––––––––––––––––––––––––––––––––––––––––––––––––––––––––––––––
|   o1   |   0   |   0   |   1   |   0   |   1   |   1   |   1   |   0   |   0   |   1   |   0   |   1   |   0   |   0   |   0   |   0   |   0   |   0   |
––––––––––––––––––––––––––––––––––––––––––––––––––––––––––––––––––––––––––––––––––––––––––––––––––––––––––––––––––––––––––––––––––––––––––––––––––––––––––
|   p1   |   0   |   0   |   0   |   1   |   1   |   0   |   1   |   2   |   0   |   2   |   0   |   1   |   1   |   1   | P5 p3 |   2   |   0   |   0   |
––––––––––––––––––––––––––––––––––––––––––––––––––––––––––––––––––––––––––––––––––––––––––––––––––––––––––––––––––––––––––––––––––––––––––––––––––––––––––
|   q1   |   0   |   0   |   0   |   1   |   1   |   0   |   1   |   0   |   0   |   0   |   0   |   1   |   1   |   0   |   0   |   0   |   0   |   0   |
––––––––––––––––––––––––––––––––––––––––––––––––––––––––––––––––––––––––––––––––––––––––––––––––––––––––––––––––––––––––––––––––––––––––––––––––––––––––––
|   r1   |   0   |   0   |   0   |   0   |   0   |   0   |   0   |   2   |   1   |   1   |   0   |   0   |   0   |   0   |   0   |   0   |   0   |   0   |
––––––––––––––––––––––––––––––––––––––––––––––––––––––––––––––––––––––––––––––––––––––––––––––––––––––––––––––––––––––––––––––––––––––––––––––––––––––––––
|   s1   |   0   |   0   |   0   |   0   |   0   |   0   |   0   |   0   |   0   |   2   |   0   |   0   |   0   |   0   |   0   |   0   |   0   |   0   |
––––––––––––––––––––––––––––––––––––––––––––––––––––––––––––––––––––––––––––––––––––––––––––––––––––––––––––––––––––––––––––––––––––––––––––––––––––––––––
Pointer to penguins: 0x59beec6534d0
Best move: fromX 4, fromY: 10, toX: 4, toY: 8, as 4, penguin id 0
Displaying the board.

         |  A1   |  B1   |  C1   |  D1   |  E1   |  F1   |  G1   |  H1   |  I1   |  J1   |  K1   |  L1   |  M1   |  N1   |  O1   |  P1   |  Q1   |  R1   |
––––––––––––––––––––––––––––––––––––––––––––––––––––––––––––––––––––––––––––––––––––––––––––––––––––––––––––––––––––––––––––––––––––––––––––––––––––––––––
|   a1   |   0   |   0   |   0   |   0   |   0   |   2   | P1 p1 |   1   |   0   |   0   |   0   |   0   |   0   |   0   |   0   |   0   |   0   |   0   |
––––––––––––––––––––––––––––––––––––––––––––––––––––––––––––––––––––––––––––––––––––––––––––––––––––––––––––––––––––––––––––––––––––––––––––––––––––––––––
|   b1   |   0   |   0   |   0   |   0   |   0   |   0   |   0   |   2   |   0   |   0   |   0   |   0   |   0   |   0   |   0   |   0   |   0   |   0   |
––––––––––––––––––––––––––––––––––––––––––––––––––––––––––––––––––––––––––––––––––––––––––––––––––––––––––––––––––––––––––––––––––––––––––––––––––––––––––
|   c1   |   0   |   0   |   0   |   0   |   0   |   0   |   0   |   1   |   1   |   1   |   3   |   2   |   1   |   0   |   0   |   0   |   0   |   0   |
––––––––––––––––––––––––––––––––––––––––––––––––––––––––––––––––––––––––––––––––––––––––––––––––––––––––––––––––––––––––––––––––––––––––––––––––––––––––––
|   d1   |   0   |   0   |   0   |   3   |   0   |   1   |   0   |   0   | P1 p2 |   1   |   0   |   1   |   0   | P2 p1 |   0   |   0   |   0   |   0   |
––––––––––––––––––––––––––––––––––––––––––––––––––––––––––––––––––––––––––––––––––––––––––––––––––––––––––––––––––––––––––––––––––––––––––––––––––––––––––
|   e1   |   0   |   0   |   0   |   0   |   3   |   1   |   2   |   1   | P5 p1 |   1   |   0   |   1   |   1   |   0   |   0   |   0   |   2   |   0   |
––––––––––––––––––––––––––––––––––––––––––––––––––––––––––––––––––––––––––––––––––––––––––––––––––––––––––––––––––––––––––––––––––––––––––––––––––––––––––
|   f1   |   0   |   0   |   0   |   2   |   0   |   0   |   0   | P5 p2 |   0   |   0   |   0   |   0   |   0   |   0   |   1   |   0   |   0   |   0   |
––––––––––––––––––––––––––––––––––––––––––––––––––––––––––––––––––––––––––––––––––––––––––––––––––––––––––––––––––––––––––––––––––––––––––––––––––––––––––
|   g1   |   0   |   0   |   0   |   1   |   0   |   0   |   0   |   0   |   0   |   1   |   0   |   0   |   0   |   0   |   0   |   0   |   0   | P2 p2 |
––––––––––––––––––––––––––––––––––––––––––––––––––––––––––––––––––––––––––––––––––––––––––––––––––––––––––––––––––––––––––––––––––––––––––––––––––––––––––
|   h1   |   0   |   0   |   2   |   1   |   1   |   2   |   1   |   0   |   1   |   2   |   0   |   0   | P4 p1 |   0   |   0   |   0   |   0   |   0   |
––––––––––––––––––––––––––––––––––––––––––––––––––––––––––––––––––––––––––––––––––––––––––––––––––––––––––––––––––––––––––––––––––––––––––––––––––––––––––
|   i1   |   0   |   1   |   0   |   0   |   1   |   0   |   1   |   0   |   0   |   0   |   0   |   1   |   0   |   0   |   0   | P3 p1 |   0   |   1   |
––––––––––––––––––––––––––––––––––––––––––––––––––––––––––––––––––––––––––––––––––––––––––––––––––––––––––––––––––––––––––––––––––––––––––––––––––––––––––
|   j1   |   0   |   2   |   2   |   2   |   1   |   2   |   2   |   1   |   1   |   0   |   1   |   0   |   0   |   0   | P2 p3 |   0   |   1   |   0   |
––––––––––––––––––––––––––––––––––––––––––––––––––––––––––––––––––––––––––––––––––––––––––––––––––––––––––––––––––––––––––––––––––––––––––––––––––––––––––
|   k1   |   0   |   0   |   2   |   1   |   1   |   1   |   0   |   0   |   0   | P4 p2 |   0   | P1 p3 |   0   |   0   |   0   |   1   |   1   |   0   |
––––––––––––––––––––––––––––––––––––––––––––––––––––––––––––––––––––––––––––––––––––––––––––––––––––––––––––––––––––––––––––––––––––––––––––––––––––––––––
|   l1   |   0   |   0   |   1   |   1   |   0   |   0   |   0   |   0   |   0   |   0   |   0   |   2   |   1   |   1   |   1   |   1   |   0   | P3 p2 |
––––––––––––––––––––––––––––––––––––––––––––––––––––––––––––––––––––––––––––––––––––––––––––––––––––––––––––––––––––––––––––––––––––––––––––––––––––––––––
|   m1   |   0   |   0   |   0   |   1   |   1   |   0   |   0   | P4 p3 | P3 p3 |   0   |   0   |   0   |   0   |   0   |   0   |   0   |   0   |   0   |
––––––––––––––––––––––––––––––––––––––––––––––––––––––––––––––––––––––––––––––––––––––––––––––––––––––––––––––––––––––––––––––––––––––––––––––––––––––––––
|   n1   |   0   |   0   |   2   |   2   |   2   |   2   |   3   |   0   |   0   |   1   |   0   |   0   |   0   |   0   |   1   |   0   |   0   |   0   |
––––––––––––––––––––––––––––––––––––––––––––––––––––––––––––––––––––––––––––––––––––––––––––––––––––––––––––––––––––––––––––––––––––––––––––––––––––––––––
|   o1   |   0   |   0   |   1   |   0   |   1   |   1   |   1   |   0   |   0   |   1   |   0   |   1   |   0   |   0   |   0   |   0   |   0   |   0   |
––––––––––––––––––––––––––––––––––––––––––––––––––––––––––––––––––––––––––––––––––––––––––––––––––––––––––––––––––––––––––––––––––––––––––––––––––––––––––
|   p1   |   0   |   0   |   0   |   1   |   1   |   0   |   1   |   2   |   0   |   2   |   0   |   1   |   1   |   1   | P5 p3 |   2   |   0   |   0   |
––––––––––––––––––––––––––––––––––––––––––––––––––––––––––––––––––––––––––––––––––––––––––––––––––––––––––––––––––––––––––––––––––––––––––––––––––––––––––
|   q1   |   0   |   0   |   0   |   1   |   1   |   0   |   1   |   0   |   0   |   0   |   0   |   1   |   1   |   0   |   0   |   0   |   0   |   0   |
––––––––––––––––––––––––––––––––––––––––––––––––––––––––––––––––––––––––––––––––––––––––––––––––––––––––––––––––––––––––––––––––––––––––––––––––––––––––––
|   r1   |   0   |   0   |   0   |   0   |   0   |   0   |   0   |   2   |   1   |   1   |   0   |   0   |   0   |   0   |   0   |   0   |   0   |   0   |
––––––––––––––––––––––––––––––––––––––––––––––––––––––––––––––––––––––––––––––––––––––––––––––––––––––––––––––––––––––––––––––––––––––––––––––––––––––––––
|   s1   |   0   |   0   |   0   |   0   |   0   |   0   |   0   |   0   |   0   |   2   |   0   |   0   |   0   |   0   |   0   |   0   |   0   |   0   |
––––––––––––––––––––––––––––––––––––––––––––––––––––––––––––––––––––––––––––––––––––––––––––––––––––––––––––––––––––––––––––––––––––––––––––––––––––––––––
Runner/a.txt
Enumerating players, plr count: 5
--- Runda 4 ---
Runner/a.txt
Expected dim: 19, 18
Generating new void board...
Map Dimensions found: 19 rows, 18 cols

--- Internal Check ---
00 00 00 00 00 02 00 01 00 00 00 00 00 00 00 00 00 00 
00 00 00 00 00 00 00 02 00 00 00 00 00 00 00 00 00 00 
00 00 00 00 00 00 00 01 01 01 03 02 01 00 00 00 00 00 
00 00 00 03 00 01 00 00 00 01 00 01 00 00 00 00 00 00 
00 00 00 00 03 01 02 01 00 01 00 01 01 00 00 00 02 00 
00 00 00 02 00 00 00 00 00 00 00 00 00 00 01 00 00 00 
00 00 00 01 00 00 00 00 00 01 00 00 00 00 00 00 00 00 
00 00 02 01 01 02 01 00 01 02 00 00 00 00 00 00 00 00 
00 01 00 00 01 00 01 00 00 00 00 01 00 00 00 00 00 01 
00 02 02 02 01 02 02 01 01 00 01 00 00 00 00 00 01 00 
00 00 02 01 01 01 00 00 00 00 00 00 00 00 00 01 01 00 
00 00 01 01 00 00 00 00 00 00 00 02 01 01 01 01 00 00 
00 00 00 01 01 00 00 00 00 00 00 00 00 00 00 00 00 00 
00 00 02 02 02 02 03 00 00 01 00 00 00 00 01 00 00 00 
00 00 01 00 01 01 01 00 00 01 00 01 00 00 00 00 00 00 
00 00 00 01 01 00 01 02 00 02 00 01 01 01 00 02 00 00 
00 00 00 01 01 00 01 00 00 00 00 01 01 00 00 00 00 00 
00 00 00 00 00 00 00 02 01 01 00 00 00 00 00 00 00 00 
00 00 00 00 00 00 00 00 00 02 00 00 00 00 00 00 00 00 

New scan: Name: GrupaPiotrKuba, Id: 1, Score 101
New scan: Name: Team-E, Id: 2, Score 36
New scan: Name: Sapko_kebab_gamig, Id: 3, Score 57
New scan: Name: Pengwings, Id: 4, Score 53
New scan: Name: Pingwiniarze, Id: 5, Score 6
Successfully loaded 5 players.
Displaying the board.

         |  A1   |  B1   |  C1   |  D1   |  E1   |  F1   |  G1   |  H1   |  I1   |  J1   |  K1   |  L1   |  M1   |  N1   |  O1   |  P1   |  Q1   |  R1   |
––––––––––––––––––––––––––––––––––––––––––––––––––––––––––––––––––––––––––––––––––––––––––––––––––––––––––––––––––––––––––––––––––––––––––––––––––––––––––
|   a1   |   0   |   0   |   0   |   0   |   0   |   2   | P1 p1 |   1   |   0   |   0   |   0   |   0   |   0   |   0   |   0   |   0   |   0   |   0   |
––––––––––––––––––––––––––––––––––––––––––––––––––––––––––––––––––––––––––––––––––––––––––––––––––––––––––––––––––––––––––––––––––––––––––––––––––––––––––
|   b1   |   0   |   0   |   0   |   0   |   0   |   0   |   0   |   2   |   0   |   0   |   0   |   0   |   0   |   0   |   0   |   0   |   0   |   0   |
––––––––––––––––––––––––––––––––––––––––––––––––––––––––––––––––––––––––––––––––––––––––––––––––––––––––––––––––––––––––––––––––––––––––––––––––––––––––––
|   c1   |   0   |   0   |   0   |   0   |   0   |   0   |   0   |   1   |   1   |   1   |   3   |   2   |   1   |   0   |   0   |   0   |   0   |   0   |
––––––––––––––––––––––––––––––––––––––––––––––––––––––––––––––––––––––––––––––––––––––––––––––––––––––––––––––––––––––––––––––––––––––––––––––––––––––––––
|   d1   |   0   |   0   |   0   |   3   |   0   |   1   |   0   |   0   | P1 p2 |   1   |   0   |   1   |   0   | P2 p1 |   0   |   0   |   0   |   0   |
––––––––––––––––––––––––––––––––––––––––––––––––––––––––––––––––––––––––––––––––––––––––––––––––––––––––––––––––––––––––––––––––––––––––––––––––––––––––––
|   e1   |   0   |   0   |   0   |   0   |   3   |   1   |   2   |   1   | P5 p1 |   1   |   0   |   1   |   1   |   0   |   0   |   0   |   2   |   0   |
––––––––––––––––––––––––––––––––––––––––––––––––––––––––––––––––––––––––––––––––––––––––––––––––––––––––––––––––––––––––––––––––––––––––––––––––––––––––––
|   f1   |   0   |   0   |   0   |   2   |   0   |   0   |   0   | P5 p2 |   0   |   0   |   0   |   0   |   0   |   0   |   1   |   0   |   0   |   0   |
––––––––––––––––––––––––––––––––––––––––––––––––––––––––––––––––––––––––––––––––––––––––––––––––––––––––––––––––––––––––––––––––––––––––––––––––––––––––––
|   g1   |   0   |   0   |   0   |   1   |   0   |   0   |   0   |   0   |   0   |   1   |   0   |   0   |   0   |   0   |   0   |   0   |   0   | P2 p2 |
––––––––––––––––––––––––––––––––––––––––––––––––––––––––––––––––––––––––––––––––––––––––––––––––––––––––––––––––––––––––––––––––––––––––––––––––––––––––––
|   h1   |   0   |   0   |   2   |   1   |   1   |   2   |   1   |   0   |   1   |   2   |   0   |   0   | P4 p1 |   0   |   0   |   0   |   0   |   0   |
––––––––––––––––––––––––––––––––––––––––––––––––––––––––––––––––––––––––––––––––––––––––––––––––––––––––––––––––––––––––––––––––––––––––––––––––––––––––––
|   i1   |   0   |   1   |   0   |   0   |   1   |   0   |   1   |   0   |   0   |   0   |   0   |   1   |   0   |   0   |   0   | P3 p1 |   0   |   1   |
––––––––––––––––––––––––––––––––––––––––––––––––––––––––––––––––––––––––––––––––––––––––––––––––––––––––––––––––––––––––––––––––––––––––––––––––––––––––––
|   j1   |   0   |   2   |   2   |   2   |   1   |   2   |   2   |   1   |   1   |   0   |   1   |   0   |   0   |   0   | P2 p3 |   0   |   1   |   0   |
––––––––––––––––––––––––––––––––––––––––––––––––––––––––––––––––––––––––––––––––––––––––––––––––––––––––––––––––––––––––––––––––––––––––––––––––––––––––––
|   k1   |   0   |   0   |   2   |   1   |   1   |   1   |   0   |   0   |   0   | P4 p2 |   0   | P1 p3 |   0   |   0   |   0   |   1   |   1   |   0   |
––––––––––––––––––––––––––––––––––––––––––––––––––––––––––––––––––––––––––––––––––––––––––––––––––––––––––––––––––––––––––––––––––––––––––––––––––––––––––
|   l1   |   0   |   0   |   1   |   1   |   0   |   0   |   0   |   0   |   0   |   0   |   0   |   2   |   1   |   1   |   1   |   1   |   0   | P3 p2 |
––––––––––––––––––––––––––––––––––––––––––––––––––––––––––––––––––––––––––––––––––––––––––––––––––––––––––––––––––––––––––––––––––––––––––––––––––––––––––
|   m1   |   0   |   0   |   0   |   1   |   1   |   0   |   0   | P4 p3 | P3 p3 |   0   |   0   |   0   |   0   |   0   |   0   |   0   |   0   |   0   |
––––––––––––––––––––––––––––––––––––––––––––––––––––––––––––––––––––––––––––––––––––––––––––––––––––––––––––––––––––––––––––––––––––––––––––––––––––––––––
|   n1   |   0   |   0   |   2   |   2   |   2   |   2   |   3   |   0   |   0   |   1   |   0   |   0   |   0   |   0   |   1   |   0   |   0   |   0   |
––––––––––––––––––––––––––––––––––––––––––––––––––––––––––––––––––––––––––––––––––––––––––––––––––––––––––––––––––––––––––––––––––––––––––––––––––––––––––
|   o1   |   0   |   0   |   1   |   0   |   1   |   1   |   1   |   0   |   0   |   1   |   0   |   1   |   0   |   0   |   0   |   0   |   0   |   0   |
––––––––––––––––––––––––––––––––––––––––––––––––––––––––––––––––––––––––––––––––––––––––––––––––––––––––––––––––––––––––––––––––––––––––––––––––––––––––––
|   p1   |   0   |   0   |   0   |   1   |   1   |   0   |   1   |   2   |   0   |   2   |   0   |   1   |   1   |   1   | P5 p3 |   2   |   0   |   0   |
––––––––––––––––––––––––––––––––––––––––––––––––––––––––––––––––––––––––––––––––––––––––––––––––––––––––––––––––––––––––––––––––––––––––––––––––––––––––––
|   q1   |   0   |   0   |   0   |   1   |   1   |   0   |   1   |   0   |   0   |   0   |   0   |   1   |   1   |   0   |   0   |   0   |   0   |   0   |
––––––––––––––––––––––––––––––––––––––––––––––––––––––––––––––––––––––––––––––––––––––––––––––––––––––––––––––––––––––––––––––––––––––––––––––––––––––––––
|   r1   |   0   |   0   |   0   |   0   |   0   |   0   |   0   |   2   |   1   |   1   |   0   |   0   |   0   |   0   |   0   |   0   |   0   |   0   |
––––––––––––––––––––––––––––––––––––––––––––––––––––––––––––––––––––––––––––––––––––––––––––––––––––––––––––––––––––––––––––––––––––––––––––––––––––––––––
|   s1   |   0   |   0   |   0   |   0   |   0   |   0   |   0   |   0   |   0   |   2   |   0   |   0   |   0   |   0   |   0   |   0   |   0   |   0   |
––––––––––––––––––––––––––––––––––––––––––––––––––––––––––––––––––––––––––––––––––––––––––––––––––––––––––––––––––––––––––––––––––––––––––––––––––––––––––
Pointer to penguins: 0x5716683884d0
Best move: fromX 4, fromY: 8, toX: 4, toY: 7, as 4, penguin id 0
Displaying the board.

         |  A1   |  B1   |  C1   |  D1   |  E1   |  F1   |  G1   |  H1   |  I1   |  J1   |  K1   |  L1   |  M1   |  N1   |  O1   |  P1   |  Q1   |  R1   |
––––––––––––––––––––––––––––––––––––––––––––––––––––––––––––––––––––––––––––––––––––––––––––––––––––––––––––––––––––––––––––––––––––––––––––––––––––––––––
|   a1   |   0   |   0   |   0   |   0   |   0   |   2   | P1 p1 |   1   |   0   |   0   |   0   |   0   |   0   |   0   |   0   |   0   |   0   |   0   |
––––––––––––––––––––––––––––––––––––––––––––––––––––––––––––––––––––––––––––––––––––––––––––––––––––––––––––––––––––––––––––––––––––––––––––––––––––––––––
|   b1   |   0   |   0   |   0   |   0   |   0   |   0   |   0   |   2   |   0   |   0   |   0   |   0   |   0   |   0   |   0   |   0   |   0   |   0   |
––––––––––––––––––––––––––––––––––––––––––––––––––––––––––––––––––––––––––––––––––––––––––––––––––––––––––––––––––––––––––––––––––––––––––––––––––––––––––
|   c1   |   0   |   0   |   0   |   0   |   0   |   0   |   0   |   1   |   1   |   1   |   3   |   2   |   1   |   0   |   0   |   0   |   0   |   0   |
––––––––––––––––––––––––––––––––––––––––––––––––––––––––––––––––––––––––––––––––––––––––––––––––––––––––––––––––––––––––––––––––––––––––––––––––––––––––––
|   d1   |   0   |   0   |   0   |   3   |   0   |   1   |   0   |   0   | P1 p2 |   1   |   0   |   1   |   0   | P2 p1 |   0   |   0   |   0   |   0   |
––––––––––––––––––––––––––––––––––––––––––––––––––––––––––––––––––––––––––––––––––––––––––––––––––––––––––––––––––––––––––––––––––––––––––––––––––––––––––
|   e1   |   0   |   0   |   0   |   0   |   3   |   1   |   2   | P5 p1 |   0   |   1   |   0   |   1   |   1   |   0   |   0   |   0   |   2   |   0   |
––––––––––––––––––––––––––––––––––––––––––––––––––––––––––––––––––––––––––––––––––––––––––––––––––––––––––––––––––––––––––––––––––––––––––––––––––––––––––
|   f1   |   0   |   0   |   0   |   2   |   0   |   0   |   0   | P5 p2 |   0   |   0   |   0   |   0   |   0   |   0   |   1   |   0   |   0   |   0   |
––––––––––––––––––––––––––––––––––––––––––––––––––––––––––––––––––––––––––––––––––––––––––––––––––––––––––––––––––––––––––––––––––––––––––––––––––––––––––
|   g1   |   0   |   0   |   0   |   1   |   0   |   0   |   0   |   0   |   0   |   1   |   0   |   0   |   0   |   0   |   0   |   0   |   0   | P2 p2 |
––––––––––––––––––––––––––––––––––––––––––––––––––––––––––––––––––––––––––––––––––––––––––––––––––––––––––––––––––––––––––––––––––––––––––––––––––––––––––
|   h1   |   0   |   0   |   2   |   1   |   1   |   2   |   1   |   0   |   1   |   2   |   0   |   0   | P4 p1 |   0   |   0   |   0   |   0   |   0   |
––––––––––––––––––––––––––––––––––––––––––––––––––––––––––––––––––––––––––––––––––––––––––––––––––––––––––––––––––––––––––––––––––––––––––––––––––––––––––
|   i1   |   0   |   1   |   0   |   0   |   1   |   0   |   1   |   0   |   0   |   0   |   0   |   1   |   0   |   0   |   0   | P3 p1 |   0   |   1   |
––––––––––––––––––––––––––––––––––––––––––––––––––––––––––––––––––––––––––––––––––––––––––––––––––––––––––––––––––––––––––––––––––––––––––––––––––––––––––
|   j1   |   0   |   2   |   2   |   2   |   1   |   2   |   2   |   1   |   1   |   0   |   1   |   0   |   0   |   0   | P2 p3 |   0   |   1   |   0   |
––––––––––––––––––––––––––––––––––––––––––––––––––––––––––––––––––––––––––––––––––––––––––––––––––––––––––––––––––––––––––––––––––––––––––––––––––––––––––
|   k1   |   0   |   0   |   2   |   1   |   1   |   1   |   0   |   0   |   0   | P4 p2 |   0   | P1 p3 |   0   |   0   |   0   |   1   |   1   |   0   |
––––––––––––––––––––––––––––––––––––––––––––––––––––––––––––––––––––––––––––––––––––––––––––––––––––––––––––––––––––––––––––––––––––––––––––––––––––––––––
|   l1   |   0   |   0   |   1   |   1   |   0   |   0   |   0   |   0   |   0   |   0   |   0   |   2   |   1   |   1   |   1   |   1   |   0   | P3 p2 |
––––––––––––––––––––––––––––––––––––––––––––––––––––––––––––––––––––––––––––––––––––––––––––––––––––––––––––––––––––––––––––––––––––––––––––––––––––––––––
|   m1   |   0   |   0   |   0   |   1   |   1   |   0   |   0   | P4 p3 | P3 p3 |   0   |   0   |   0   |   0   |   0   |   0   |   0   |   0   |   0   |
––––––––––––––––––––––––––––––––––––––––––––––––––––––––––––––––––––––––––––––––––––––––––––––––––––––––––––––––––––––––––––––––––––––––––––––––––––––––––
|   n1   |   0   |   0   |   2   |   2   |   2   |   2   |   3   |   0   |   0   |   1   |   0   |   0   |   0   |   0   |   1   |   0   |   0   |   0   |
––––––––––––––––––––––––––––––––––––––––––––––––––––––––––––––––––––––––––––––––––––––––––––––––––––––––––––––––––––––––––––––––––––––––––––––––––––––––––
|   o1   |   0   |   0   |   1   |   0   |   1   |   1   |   1   |   0   |   0   |   1   |   0   |   1   |   0   |   0   |   0   |   0   |   0   |   0   |
––––––––––––––––––––––––––––––––––––––––––––––––––––––––––––––––––––––––––––––––––––––––––––––––––––––––––––––––––––––––––––––––––––––––––––––––––––––––––
|   p1   |   0   |   0   |   0   |   1   |   1   |   0   |   1   |   2   |   0   |   2   |   0   |   1   |   1   |   1   | P5 p3 |   2   |   0   |   0   |
––––––––––––––––––––––––––––––––––––––––––––––––––––––––––––––––––––––––––––––––––––––––––––––––––––––––––––––––––––––––––––––––––––––––––––––––––––––––––
|   q1   |   0   |   0   |   0   |   1   |   1   |   0   |   1   |   0   |   0   |   0   |   0   |   1   |   1   |   0   |   0   |   0   |   0   |   0   |
––––––––––––––––––––––––––––––––––––––––––––––––––––––––––––––––––––––––––––––––––––––––––––––––––––––––––––––––––––––––––––––––––––––––––––––––––––––––––
|   r1   |   0   |   0   |   0   |   0   |   0   |   0   |   0   |   2   |   1   |   1   |   0   |   0   |   0   |   0   |   0   |   0   |   0   |   0   |
––––––––––––––––––––––––––––––––––––––––––––––––––––––––––––––––––––––––––––––––––––––––––––––––––––––––––––––––––––––––––––––––––––––––––––––––––––––––––
|   s1   |   0   |   0   |   0   |   0   |   0   |   0   |   0   |   0   |   0   |   2   |   0   |   0   |   0   |   0   |   0   |   0   |   0   |   0   |
––––––––––––––––––––––––––––––––––––––––––––––––––––––––––––––––––––––––––––––––––––––––––––––––––––––––––––––––––––––––––––––––––––––––––––––––––––––––––
Runner/a.txt
Enumerating players, plr count: 5
--- Runda 5 ---
Runner/a.txt
Expected dim: 19, 18
Generating new void board...
Map Dimensions found: 19 rows, 18 cols

--- Internal Check ---
00 00 00 00 00 02 00 01 00 00 00 00 00 00 00 00 00 00 
00 00 00 00 00 00 00 02 00 00 00 00 00 00 00 00 00 00 
00 00 00 00 00 00 00 01 01 01 03 02 01 00 00 00 00 00 
00 00 00 03 00 01 00 00 00 01 00 01 00 00 00 00 00 00 
00 00 00 00 03 01 02 00 00 01 00 01 01 00 00 00 02 00 
00 00 00 02 00 00 00 00 00 00 00 00 00 00 01 00 00 00 
00 00 00 01 00 00 00 00 00 01 00 00 00 00 00 00 00 00 
00 00 02 01 01 02 01 00 01 02 00 00 00 00 00 00 00 00 
00 01 00 00 01 00 01 00 00 00 00 01 00 00 00 00 00 01 
00 02 02 02 01 02 02 01 01 00 01 00 00 00 00 00 01 00 
00 00 02 01 01 01 00 00 00 00 00 00 00 00 00 01 01 00 
00 00 01 01 00 00 00 00 00 00 00 02 01 01 01 01 00 00 
00 00 00 01 01 00 00 00 00 00 00 00 00 00 00 00 00 00 
00 00 02 02 02 02 03 00 00 01 00 00 00 00 01 00 00 00 
00 00 01 00 01 01 01 00 00 01 00 01 00 00 00 00 00 00 
00 00 00 01 01 00 01 02 00 02 00 01 01 01 00 02 00 00 
00 00 00 01 01 00 01 00 00 00 00 01 01 00 00 00 00 00 
00 00 00 00 00 00 00 02 01 01 00 00 00 00 00 00 00 00 
00 00 00 00 00 00 00 00 00 02 00 00 00 00 00 00 00 00 

New scan: Name: GrupaPiotrKuba, Id: 1, Score 101
New scan: Name: Team-E, Id: 2, Score 36
New scan: Name: Sapko_kebab_gamig, Id: 3, Score 57
New scan: Name: Pengwings, Id: 4, Score 53
New scan: Name: Pingwiniarze, Id: 5, Score 7
Successfully loaded 5 players.
Displaying the board.

         |  A1   |  B1   |  C1   |  D1   |  E1   |  F1   |  G1   |  H1   |  I1   |  J1   |  K1   |  L1   |  M1   |  N1   |  O1   |  P1   |  Q1   |  R1   |
––––––––––––––––––––––––––––––––––––––––––––––––––––––––––––––––––––––––––––––––––––––––––––––––––––––––––––––––––––––––––––––––––––––––––––––––––––––––––
|   a1   |   0   |   0   |   0   |   0   |   0   |   2   | P1 p1 |   1   |   0   |   0   |   0   |   0   |   0   |   0   |   0   |   0   |   0   |   0   |
––––––––––––––––––––––––––––––––––––––––––––––––––––––––––––––––––––––––––––––––––––––––––––––––––––––––––––––––––––––––––––––––––––––––––––––––––––––––––
|   b1   |   0   |   0   |   0   |   0   |   0   |   0   |   0   |   2   |   0   |   0   |   0   |   0   |   0   |   0   |   0   |   0   |   0   |   0   |
––––––––––––––––––––––––––––––––––––––––––––––––––––––––––––––––––––––––––––––––––––––––––––––––––––––––––––––––––––––––––––––––––––––––––––––––––––––––––
|   c1   |   0   |   0   |   0   |   0   |   0   |   0   |   0   |   1   |   1   |   1   |   3   |   2   |   1   |   0   |   0   |   0   |   0   |   0   |
––––––––––––––––––––––––––––––––––––––––––––––––––––––––––––––––––––––––––––––––––––––––––––––––––––––––––––––––––––––––––––––––––––––––––––––––––––––––––
|   d1   |   0   |   0   |   0   |   3   |   0   |   1   |   0   |   0   | P1 p2 |   1   |   0   |   1   |   0   | P2 p1 |   0   |   0   |   0   |   0   |
––––––––––––––––––––––––––––––––––––––––––––––––––––––––––––––––––––––––––––––––––––––––––––––––––––––––––––––––––––––––––––––––––––––––––––––––––––––––––
|   e1   |   0   |   0   |   0   |   0   |   3   |   1   |   2   | P5 p1 |   0   |   1   |   0   |   1   |   1   |   0   |   0   |   0   |   2   |   0   |
––––––––––––––––––––––––––––––––––––––––––––––––––––––––––––––––––––––––––––––––––––––––––––––––––––––––––––––––––––––––––––––––––––––––––––––––––––––––––
|   f1   |   0   |   0   |   0   |   2   |   0   |   0   |   0   | P5 p2 |   0   |   0   |   0   |   0   |   0   |   0   |   1   |   0   |   0   |   0   |
––––––––––––––––––––––––––––––––––––––––––––––––––––––––––––––––––––––––––––––––––––––––––––––––––––––––––––––––––––––––––––––––––––––––––––––––––––––––––
|   g1   |   0   |   0   |   0   |   1   |   0   |   0   |   0   |   0   |   0   |   1   |   0   |   0   |   0   |   0   |   0   |   0   |   0   | P2 p2 |
––––––––––––––––––––––––––––––––––––––––––––––––––––––––––––––––––––––––––––––––––––––––––––––––––––––––––––––––––––––––––––––––––––––––––––––––––––––––––
|   h1   |   0   |   0   |   2   |   1   |   1   |   2   |   1   |   0   |   1   |   2   |   0   |   0   | P4 p1 |   0   |   0   |   0   |   0   |   0   |
––––––––––––––––––––––––––––––––––––––––––––––––––––––––––––––––––––––––––––––––––––––––––––––––––––––––––––––––––––––––––––––––––––––––––––––––––––––––––
|   i1   |   0   |   1   |   0   |   0   |   1   |   0   |   1   |   0   |   0   |   0   |   0   |   1   |   0   |   0   |   0   | P3 p1 |   0   |   1   |
––––––––––––––––––––––––––––––––––––––––––––––––––––––––––––––––––––––––––––––––––––––––––––––––––––––––––––––––––––––––––––––––––––––––––––––––––––––––––
|   j1   |   0   |   2   |   2   |   2   |   1   |   2   |   2   |   1   |   1   |   0   |   1   |   0   |   0   |   0   | P2 p3 |   0   |   1   |   0   |
––––––––––––––––––––––––––––––––––––––––––––––––––––––––––––––––––––––––––––––––––––––––––––––––––––––––––––––––––––––––––––––––––––––––––––––––––––––––––
|   k1   |   0   |   0   |   2   |   1   |   1   |   1   |   0   |   0   |   0   | P4 p2 |   0   | P1 p3 |   0   |   0   |   0   |   1   |   1   |   0   |
––––––––––––––––––––––––––––––––––––––––––––––––––––––––––––––––––––––––––––––––––––––––––––––––––––––––––––––––––––––––––––––––––––––––––––––––––––––––––
|   l1   |   0   |   0   |   1   |   1   |   0   |   0   |   0   |   0   |   0   |   0   |   0   |   2   |   1   |   1   |   1   |   1   |   0   | P3 p2 |
––––––––––––––––––––––––––––––––––––––––––––––––––––––––––––––––––––––––––––––––––––––––––––––––––––––––––––––––––––––––––––––––––––––––––––––––––––––––––
|   m1   |   0   |   0   |   0   |   1   |   1   |   0   |   0   | P4 p3 | P3 p3 |   0   |   0   |   0   |   0   |   0   |   0   |   0   |   0   |   0   |
––––––––––––––––––––––––––––––––––––––––––––––––––––––––––––––––––––––––––––––––––––––––––––––––––––––––––––––––––––––––––––––––––––––––––––––––––––––––––
|   n1   |   0   |   0   |   2   |   2   |   2   |   2   |   3   |   0   |   0   |   1   |   0   |   0   |   0   |   0   |   1   |   0   |   0   |   0   |
––––––––––––––––––––––––––––––––––––––––––––––––––––––––––––––––––––––––––––––––––––––––––––––––––––––––––––––––––––––––––––––––––––––––––––––––––––––––––
|   o1   |   0   |   0   |   1   |   0   |   1   |   1   |   1   |   0   |   0   |   1   |   0   |   1   |   0   |   0   |   0   |   0   |   0   |   0   |
––––––––––––––––––––––––––––––––––––––––––––––––––––––––––––––––––––––––––––––––––––––––––––––––––––––––––––––––––––––––––––––––––––––––––––––––––––––––––
|   p1   |   0   |   0   |   0   |   1   |   1   |   0   |   1   |   2   |   0   |   2   |   0   |   1   |   1   |   1   | P5 p3 |   2   |   0   |   0   |
––––––––––––––––––––––––––––––––––––––––––––––––––––––––––––––––––––––––––––––––––––––––––––––––––––––––––––––––––––––––––––––––––––––––––––––––––––––––––
|   q1   |   0   |   0   |   0   |   1   |   1   |   0   |   1   |   0   |   0   |   0   |   0   |   1   |   1   |   0   |   0   |   0   |   0   |   0   |
––––––––––––––––––––––––––––––––––––––––––––––––––––––––––––––––––––––––––––––––––––––––––––––––––––––––––––––––––––––––––––––––––––––––––––––––––––––––––
|   r1   |   0   |   0   |   0   |   0   |   0   |   0   |   0   |   2   |   1   |   1   |   0   |   0   |   0   |   0   |   0   |   0   |   0   |   0   |
––––––––––––––––––––––––––––––––––––––––––––––––––––––––––––––––––––––––––––––––––––––––––––––––––––––––––––––––––––––––––––––––––––––––––––––––––––––––––
|   s1   |   0   |   0   |   0   |   0   |   0   |   0   |   0   |   0   |   0   |   2   |   0   |   0   |   0   |   0   |   0   |   0   |   0   |   0   |
––––––––––––––––––––––––––––––––––––––––––––––––––––––––––––––––––––––––––––––––––––––––––––––––––––––––––––––––––––––––––––––––––––––––––––––––––––––––––
Pointer to penguins: 0x6431452cb4d0
Best move: fromX 4, fromY: 7, toX: 4, toY: 6, as 4, penguin id 0
Displaying the board.

         |  A1   |  B1   |  C1   |  D1   |  E1   |  F1   |  G1   |  H1   |  I1   |  J1   |  K1   |  L1   |  M1   |  N1   |  O1   |  P1   |  Q1   |  R1   |
––––––––––––––––––––––––––––––––––––––––––––––––––––––––––––––––––––––––––––––––––––––––––––––––––––––––––––––––––––––––––––––––––––––––––––––––––––––––––
|   a1   |   0   |   0   |   0   |   0   |   0   |   2   | P1 p1 |   1   |   0   |   0   |   0   |   0   |   0   |   0   |   0   |   0   |   0   |   0   |
––––––––––––––––––––––––––––––––––––––––––––––––––––––––––––––––––––––––––––––––––––––––––––––––––––––––––––––––––––––––––––––––––––––––––––––––––––––––––
|   b1   |   0   |   0   |   0   |   0   |   0   |   0   |   0   |   2   |   0   |   0   |   0   |   0   |   0   |   0   |   0   |   0   |   0   |   0   |
––––––––––––––––––––––––––––––––––––––––––––––––––––––––––––––––––––––––––––––––––––––––––––––––––––––––––––––––––––––––––––––––––––––––––––––––––––––––––
|   c1   |   0   |   0   |   0   |   0   |   0   |   0   |   0   |   1   |   1   |   1   |   3   |   2   |   1   |   0   |   0   |   0   |   0   |   0   |
––––––––––––––––––––––––––––––––––––––––––––––––––––––––––––––––––––––––––––––––––––––––––––––––––––––––––––––––––––––––––––––––––––––––––––––––––––––––––
|   d1   |   0   |   0   |   0   |   3   |   0   |   1   |   0   |   0   | P1 p2 |   1   |   0   |   1   |   0   | P2 p1 |   0   |   0   |   0   |   0   |
––––––––––––––––––––––––––––––––––––––––––––––––––––––––––––––––––––––––––––––––––––––––––––––––––––––––––––––––––––––––––––––––––––––––––––––––––––––––––
|   e1   |   0   |   0   |   0   |   0   |   3   |   1   | P5 p1 |   0   |   0   |   1   |   0   |   1   |   1   |   0   |   0   |   0   |   2   |   0   |
––––––––––––––––––––––––––––––––––––––––––––––––––––––––––––––––––––––––––––––––––––––––––––––––––––––––––––––––––––––––––––––––––––––––––––––––––––––––––
|   f1   |   0   |   0   |   0   |   2   |   0   |   0   |   0   | P5 p2 |   0   |   0   |   0   |   0   |   0   |   0   |   1   |   0   |   0   |   0   |
––––––––––––––––––––––––––––––––––––––––––––––––––––––––––––––––––––––––––––––––––––––––––––––––––––––––––––––––––––––––––––––––––––––––––––––––––––––––––
|   g1   |   0   |   0   |   0   |   1   |   0   |   0   |   0   |   0   |   0   |   1   |   0   |   0   |   0   |   0   |   0   |   0   |   0   | P2 p2 |
––––––––––––––––––––––––––––––––––––––––––––––––––––––––––––––––––––––––––––––––––––––––––––––––––––––––––––––––––––––––––––––––––––––––––––––––––––––––––
|   h1   |   0   |   0   |   2   |   1   |   1   |   2   |   1   |   0   |   1   |   2   |   0   |   0   | P4 p1 |   0   |   0   |   0   |   0   |   0   |
––––––––––––––––––––––––––––––––––––––––––––––––––––––––––––––––––––––––––––––––––––––––––––––––––––––––––––––––––––––––––––––––––––––––––––––––––––––––––
|   i1   |   0   |   1   |   0   |   0   |   1   |   0   |   1   |   0   |   0   |   0   |   0   |   1   |   0   |   0   |   0   | P3 p1 |   0   |   1   |
––––––––––––––––––––––––––––––––––––––––––––––––––––––––––––––––––––––––––––––––––––––––––––––––––––––––––––––––––––––––––––––––––––––––––––––––––––––––––
|   j1   |   0   |   2   |   2   |   2   |   1   |   2   |   2   |   1   |   1   |   0   |   1   |   0   |   0   |   0   | P2 p3 |   0   |   1   |   0   |
––––––––––––––––––––––––––––––––––––––––––––––––––––––––––––––––––––––––––––––––––––––––––––––––––––––––––––––––––––––––––––––––––––––––––––––––––––––––––
|   k1   |   0   |   0   |   2   |   1   |   1   |   1   |   0   |   0   |   0   | P4 p2 |   0   | P1 p3 |   0   |   0   |   0   |   1   |   1   |   0   |
––––––––––––––––––––––––––––––––––––––––––––––––––––––––––––––––––––––––––––––––––––––––––––––––––––––––––––––––––––––––––––––––––––––––––––––––––––––––––
|   l1   |   0   |   0   |   1   |   1   |   0   |   0   |   0   |   0   |   0   |   0   |   0   |   2   |   1   |   1   |   1   |   1   |   0   | P3 p2 |
––––––––––––––––––––––––––––––––––––––––––––––––––––––––––––––––––––––––––––––––––––––––––––––––––––––––––––––––––––––––––––––––––––––––––––––––––––––––––
|   m1   |   0   |   0   |   0   |   1   |   1   |   0   |   0   | P4 p3 | P3 p3 |   0   |   0   |   0   |   0   |   0   |   0   |   0   |   0   |   0   |
––––––––––––––––––––––––––––––––––––––––––––––––––––––––––––––––––––––––––––––––––––––––––––––––––––––––––––––––––––––––––––––––––––––––––––––––––––––––––
|   n1   |   0   |   0   |   2   |   2   |   2   |   2   |   3   |   0   |   0   |   1   |   0   |   0   |   0   |   0   |   1   |   0   |   0   |   0   |
––––––––––––––––––––––––––––––––––––––––––––––––––––––––––––––––––––––––––––––––––––––––––––––––––––––––––––––––––––––––––––––––––––––––––––––––––––––––––
|   o1   |   0   |   0   |   1   |   0   |   1   |   1   |   1   |   0   |   0   |   1   |   0   |   1   |   0   |   0   |   0   |   0   |   0   |   0   |
––––––––––––––––––––––––––––––––––––––––––––––––––––––––––––––––––––––––––––––––––––––––––––––––––––––––––––––––––––––––––––––––––––––––––––––––––––––––––
|   p1   |   0   |   0   |   0   |   1   |   1   |   0   |   1   |   2   |   0   |   2   |   0   |   1   |   1   |   1   | P5 p3 |   2   |   0   |   0   |
––––––––––––––––––––––––––––––––––––––––––––––––––––––––––––––––––––––––––––––––––––––––––––––––––––––––––––––––––––––––––––––––––––––––––––––––––––––––––
|   q1   |   0   |   0   |   0   |   1   |   1   |   0   |   1   |   0   |   0   |   0   |   0   |   1   |   1   |   0   |   0   |   0   |   0   |   0   |
––––––––––––––––––––––––––––––––––––––––––––––––––––––––––––––––––––––––––––––––––––––––––––––––––––––––––––––––––––––––––––––––––––––––––––––––––––––––––
|   r1   |   0   |   0   |   0   |   0   |   0   |   0   |   0   |   2   |   1   |   1   |   0   |   0   |   0   |   0   |   0   |   0   |   0   |   0   |
––––––––––––––––––––––––––––––––––––––––––––––––––––––––––––––––––––––––––––––––––––––––––––––––––––––––––––––––––––––––––––––––––––––––––––––––––––––––––
|   s1   |   0   |   0   |   0   |   0   |   0   |   0   |   0   |   0   |   0   |   2   |   0   |   0   |   0   |   0   |   0   |   0   |   0   |   0   |
––––––––––––––––––––––––––––––––––––––––––––––––––––––––––––––––––––––––––––––––––––––––––––––––––––––––––––––––––––––––––––––––––––––––––––––––––––––––––
Runner/a.txt
Enumerating players, plr count: 5
--- Runda 6 ---
Runner/a.txt
Expected dim: 19, 18
Generating new void board...
Map Dimensions found: 19 rows, 18 cols

--- Internal Check ---
00 00 00 00 00 02 00 01 00 00 00 00 00 00 00 00 00 00 
00 00 00 00 00 00 00 02 00 00 00 00 00 00 00 00 00 00 
00 00 00 00 00 00 00 01 01 01 03 02 01 00 00 00 00 00 
00 00 00 03 00 01 00 00 00 01 00 01 00 00 00 00 00 00 
00 00 00 00 03 01 00 00 00 01 00 01 01 00 00 00 02 00 
00 00 00 02 00 00 00 00 00 00 00 00 00 00 01 00 00 00 
00 00 00 01 00 00 00 00 00 01 00 00 00 00 00 00 00 00 
00 00 02 01 01 02 01 00 01 02 00 00 00 00 00 00 00 00 
00 01 00 00 01 00 01 00 00 00 00 01 00 00 00 00 00 01 
00 02 02 02 01 02 02 01 01 00 01 00 00 00 00 00 01 00 
00 00 02 01 01 01 00 00 00 00 00 00 00 00 00 01 01 00 
00 00 01 01 00 00 00 00 00 00 00 02 01 01 01 01 00 00 
00 00 00 01 01 00 00 00 00 00 00 00 00 00 00 00 00 00 
00 00 02 02 02 02 03 00 00 01 00 00 00 00 01 00 00 00 
00 00 01 00 01 01 01 00 00 01 00 01 00 00 00 00 00 00 
00 00 00 01 01 00 01 02 00 02 00 01 01 01 00 02 00 00 
00 00 00 01 01 00 01 00 00 00 00 01 01 00 00 00 00 00 
00 00 00 00 00 00 00 02 01 01 00 00 00 00 00 00 00 00 
00 00 00 00 00 00 00 00 00 02 00 00 00 00 00 00 00 00 

New scan: Name: GrupaPiotrKuba, Id: 1, Score 101
New scan: Name: Team-E, Id: 2, Score 36
New scan: Name: Sapko_kebab_gamig, Id: 3, Score 57
New scan: Name: Pengwings, Id: 4, Score 53
New scan: Name: Pingwiniarze, Id: 5, Score 9
Successfully loaded 5 players.
Displaying the board.

         |  A1   |  B1   |  C1   |  D1   |  E1   |  F1   |  G1   |  H1   |  I1   |  J1   |  K1   |  L1   |  M1   |  N1   |  O1   |  P1   |  Q1   |  R1   |
––––––––––––––––––––––––––––––––––––––––––––––––––––––––––––––––––––––––––––––––––––––––––––––––––––––––––––––––––––––––––––––––––––––––––––––––––––––––––
|   a1   |   0   |   0   |   0   |   0   |   0   |   2   | P1 p1 |   1   |   0   |   0   |   0   |   0   |   0   |   0   |   0   |   0   |   0   |   0   |
––––––––––––––––––––––––––––––––––––––––––––––––––––––––––––––––––––––––––––––––––––––––––––––––––––––––––––––––––––––––––––––––––––––––––––––––––––––––––
|   b1   |   0   |   0   |   0   |   0   |   0   |   0   |   0   |   2   |   0   |   0   |   0   |   0   |   0   |   0   |   0   |   0   |   0   |   0   |
––––––––––––––––––––––––––––––––––––––––––––––––––––––––––––––––––––––––––––––––––––––––––––––––––––––––––––––––––––––––––––––––––––––––––––––––––––––––––
|   c1   |   0   |   0   |   0   |   0   |   0   |   0   |   0   |   1   |   1   |   1   |   3   |   2   |   1   |   0   |   0   |   0   |   0   |   0   |
––––––––––––––––––––––––––––––––––––––––––––––––––––––––––––––––––––––––––––––––––––––––––––––––––––––––––––––––––––––––––––––––––––––––––––––––––––––––––
|   d1   |   0   |   0   |   0   |   3   |   0   |   1   |   0   |   0   | P1 p2 |   1   |   0   |   1   |   0   | P2 p1 |   0   |   0   |   0   |   0   |
––––––––––––––––––––––––––––––––––––––––––––––––––––––––––––––––––––––––––––––––––––––––––––––––––––––––––––––––––––––––––––––––––––––––––––––––––––––––––
|   e1   |   0   |   0   |   0   |   0   |   3   |   1   | P5 p1 |   0   |   0   |   1   |   0   |   1   |   1   |   0   |   0   |   0   |   2   |   0   |
––––––––––––––––––––––––––––––––––––––––––––––––––––––––––––––––––––––––––––––––––––––––––––––––––––––––––––––––––––––––––––––––––––––––––––––––––––––––––
|   f1   |   0   |   0   |   0   |   2   |   0   |   0   |   0   | P5 p2 |   0   |   0   |   0   |   0   |   0   |   0   |   1   |   0   |   0   |   0   |
––––––––––––––––––––––––––––––––––––––––––––––––––––––––––––––––––––––––––––––––––––––––––––––––––––––––––––––––––––––––––––––––––––––––––––––––––––––––––
|   g1   |   0   |   0   |   0   |   1   |   0   |   0   |   0   |   0   |   0   |   1   |   0   |   0   |   0   |   0   |   0   |   0   |   0   | P2 p2 |
––––––––––––––––––––––––––––––––––––––––––––––––––––––––––––––––––––––––––––––––––––––––––––––––––––––––––––––––––––––––––––––––––––––––––––––––––––––––––
|   h1   |   0   |   0   |   2   |   1   |   1   |   2   |   1   |   0   |   1   |   2   |   0   |   0   | P4 p1 |   0   |   0   |   0   |   0   |   0   |
––––––––––––––––––––––––––––––––––––––––––––––––––––––––––––––––––––––––––––––––––––––––––––––––––––––––––––––––––––––––––––––––––––––––––––––––––––––––––
|   i1   |   0   |   1   |   0   |   0   |   1   |   0   |   1   |   0   |   0   |   0   |   0   |   1   |   0   |   0   |   0   | P3 p1 |   0   |   1   |
––––––––––––––––––––––––––––––––––––––––––––––––––––––––––––––––––––––––––––––––––––––––––––––––––––––––––––––––––––––––––––––––––––––––––––––––––––––––––
|   j1   |   0   |   2   |   2   |   2   |   1   |   2   |   2   |   1   |   1   |   0   |   1   |   0   |   0   |   0   | P2 p3 |   0   |   1   |   0   |
––––––––––––––––––––––––––––––––––––––––––––––––––––––––––––––––––––––––––––––––––––––––––––––––––––––––––––––––––––––––––––––––––––––––––––––––––––––––––
|   k1   |   0   |   0   |   2   |   1   |   1   |   1   |   0   |   0   |   0   | P4 p2 |   0   | P1 p3 |   0   |   0   |   0   |   1   |   1   |   0   |
––––––––––––––––––––––––––––––––––––––––––––––––––––––––––––––––––––––––––––––––––––––––––––––––––––––––––––––––––––––––––––––––––––––––––––––––––––––––––
|   l1   |   0   |   0   |   1   |   1   |   0   |   0   |   0   |   0   |   0   |   0   |   0   |   2   |   1   |   1   |   1   |   1   |   0   | P3 p2 |
––––––––––––––––––––––––––––––––––––––––––––––––––––––––––––––––––––––––––––––––––––––––––––––––––––––––––––––––––––––––––––––––––––––––––––––––––––––––––
|   m1   |   0   |   0   |   0   |   1   |   1   |   0   |   0   | P4 p3 | P3 p3 |   0   |   0   |   0   |   0   |   0   |   0   |   0   |   0   |   0   |
––––––––––––––––––––––––––––––––––––––––––––––––––––––––––––––––––––––––––––––––––––––––––––––––––––––––––––––––––––––––––––––––––––––––––––––––––––––––––
|   n1   |   0   |   0   |   2   |   2   |   2   |   2   |   3   |   0   |   0   |   1   |   0   |   0   |   0   |   0   |   1   |   0   |   0   |   0   |
––––––––––––––––––––––––––––––––––––––––––––––––––––––––––––––––––––––––––––––––––––––––––––––––––––––––––––––––––––––––––––––––––––––––––––––––––––––––––
|   o1   |   0   |   0   |   1   |   0   |   1   |   1   |   1   |   0   |   0   |   1   |   0   |   1   |   0   |   0   |   0   |   0   |   0   |   0   |
––––––––––––––––––––––––––––––––––––––––––––––––––––––––––––––––––––––––––––––––––––––––––––––––––––––––––––––––––––––––––––––––––––––––––––––––––––––––––
|   p1   |   0   |   0   |   0   |   1   |   1   |   0   |   1   |   2   |   0   |   2   |   0   |   1   |   1   |   1   | P5 p3 |   2   |   0   |   0   |
––––––––––––––––––––––––––––––––––––––––––––––––––––––––––––––––––––––––––––––––––––––––––––––––––––––––––––––––––––––––––––––––––––––––––––––––––––––––––
|   q1   |   0   |   0   |   0   |   1   |   1   |   0   |   1   |   0   |   0   |   0   |   0   |   1   |   1   |   0   |   0   |   0   |   0   |   0   |
––––––––––––––––––––––––––––––––––––––––––––––––––––––––––––––––––––––––––––––––––––––––––––––––––––––––––––––––––––––––––––––––––––––––––––––––––––––––––
|   r1   |   0   |   0   |   0   |   0   |   0   |   0   |   0   |   2   |   1   |   1   |   0   |   0   |   0   |   0   |   0   |   0   |   0   |   0   |
––––––––––––––––––––––––––––––––––––––––––––––––––––––––––––––––––––––––––––––––––––––––––––––––––––––––––––––––––––––––––––––––––––––––––––––––––––––––––
|   s1   |   0   |   0   |   0   |   0   |   0   |   0   |   0   |   0   |   0   |   2   |   0   |   0   |   0   |   0   |   0   |   0   |   0   |   0   |
––––––––––––––––––––––––––––––––––––––––––––––––––––––––––––––––––––––––––––––––––––––––––––––––––––––––––––––––––––––––––––––––––––––––––––––––––––––––––
Pointer to penguins: 0x652b9bfa84d0
Best move: fromX 4, fromY: 6, toX: 4, toY: 5, as 4, penguin id 0
Displaying the board.

         |  A1   |  B1   |  C1   |  D1   |  E1   |  F1   |  G1   |  H1   |  I1   |  J1   |  K1   |  L1   |  M1   |  N1   |  O1   |  P1   |  Q1   |  R1   |
––––––––––––––––––––––––––––––––––––––––––––––––––––––––––––––––––––––––––––––––––––––––––––––––––––––––––––––––––––––––––––––––––––––––––––––––––––––––––
|   a1   |   0   |   0   |   0   |   0   |   0   |   2   | P1 p1 |   1   |   0   |   0   |   0   |   0   |   0   |   0   |   0   |   0   |   0   |   0   |
––––––––––––––––––––––––––––––––––––––––––––––––––––––––––––––––––––––––––––––––––––––––––––––––––––––––––––––––––––––––––––––––––––––––––––––––––––––––––
|   b1   |   0   |   0   |   0   |   0   |   0   |   0   |   0   |   2   |   0   |   0   |   0   |   0   |   0   |   0   |   0   |   0   |   0   |   0   |
––––––––––––––––––––––––––––––––––––––––––––––––––––––––––––––––––––––––––––––––––––––––––––––––––––––––––––––––––––––––––––––––––––––––––––––––––––––––––
|   c1   |   0   |   0   |   0   |   0   |   0   |   0   |   0   |   1   |   1   |   1   |   3   |   2   |   1   |   0   |   0   |   0   |   0   |   0   |
––––––––––––––––––––––––––––––––––––––––––––––––––––––––––––––––––––––––––––––––––––––––––––––––––––––––––––––––––––––––––––––––––––––––––––––––––––––––––
|   d1   |   0   |   0   |   0   |   3   |   0   |   1   |   0   |   0   | P1 p2 |   1   |   0   |   1   |   0   | P2 p1 |   0   |   0   |   0   |   0   |
––––––––––––––––––––––––––––––––––––––––––––––––––––––––––––––––––––––––––––––––––––––––––––––––––––––––––––––––––––––––––––––––––––––––––––––––––––––––––
|   e1   |   0   |   0   |   0   |   0   |   3   | P5 p1 |   0   |   0   |   0   |   1   |   0   |   1   |   1   |   0   |   0   |   0   |   2   |   0   |
––––––––––––––––––––––––––––––––––––––––––––––––––––––––––––––––––––––––––––––––––––––––––––––––––––––––––––––––––––––––––––––––––––––––––––––––––––––––––
|   f1   |   0   |   0   |   0   |   2   |   0   |   0   |   0   | P5 p2 |   0   |   0   |   0   |   0   |   0   |   0   |   1   |   0   |   0   |   0   |
––––––––––––––––––––––––––––––––––––––––––––––––––––––––––––––––––––––––––––––––––––––––––––––––––––––––––––––––––––––––––––––––––––––––––––––––––––––––––
|   g1   |   0   |   0   |   0   |   1   |   0   |   0   |   0   |   0   |   0   |   1   |   0   |   0   |   0   |   0   |   0   |   0   |   0   | P2 p2 |
––––––––––––––––––––––––––––––––––––––––––––––––––––––––––––––––––––––––––––––––––––––––––––––––––––––––––––––––––––––––––––––––––––––––––––––––––––––––––
|   h1   |   0   |   0   |   2   |   1   |   1   |   2   |   1   |   0   |   1   |   2   |   0   |   0   | P4 p1 |   0   |   0   |   0   |   0   |   0   |
––––––––––––––––––––––––––––––––––––––––––––––––––––––––––––––––––––––––––––––––––––––––––––––––––––––––––––––––––––––––––––––––––––––––––––––––––––––––––
|   i1   |   0   |   1   |   0   |   0   |   1   |   0   |   1   |   0   |   0   |   0   |   0   |   1   |   0   |   0   |   0   | P3 p1 |   0   |   1   |
––––––––––––––––––––––––––––––––––––––––––––––––––––––––––––––––––––––––––––––––––––––––––––––––––––––––––––––––––––––––––––––––––––––––––––––––––––––––––
|   j1   |   0   |   2   |   2   |   2   |   1   |   2   |   2   |   1   |   1   |   0   |   1   |   0   |   0   |   0   | P2 p3 |   0   |   1   |   0   |
––––––––––––––––––––––––––––––––––––––––––––––––––––––––––––––––––––––––––––––––––––––––––––––––––––––––––––––––––––––––––––––––––––––––––––––––––––––––––
|   k1   |   0   |   0   |   2   |   1   |   1   |   1   |   0   |   0   |   0   | P4 p2 |   0   | P1 p3 |   0   |   0   |   0   |   1   |   1   |   0   |
––––––––––––––––––––––––––––––––––––––––––––––––––––––––––––––––––––––––––––––––––––––––––––––––––––––––––––––––––––––––––––––––––––––––––––––––––––––––––
|   l1   |   0   |   0   |   1   |   1   |   0   |   0   |   0   |   0   |   0   |   0   |   0   |   2   |   1   |   1   |   1   |   1   |   0   | P3 p2 |
––––––––––––––––––––––––––––––––––––––––––––––––––––––––––––––––––––––––––––––––––––––––––––––––––––––––––––––––––––––––––––––––––––––––––––––––––––––––––
|   m1   |   0   |   0   |   0   |   1   |   1   |   0   |   0   | P4 p3 | P3 p3 |   0   |   0   |   0   |   0   |   0   |   0   |   0   |   0   |   0   |
––––––––––––––––––––––––––––––––––––––––––––––––––––––––––––––––––––––––––––––––––––––––––––––––––––––––––––––––––––––––––––––––––––––––––––––––––––––––––
|   n1   |   0   |   0   |   2   |   2   |   2   |   2   |   3   |   0   |   0   |   1   |   0   |   0   |   0   |   0   |   1   |   0   |   0   |   0   |
––––––––––––––––––––––––––––––––––––––––––––––––––––––––––––––––––––––––––––––––––––––––––––––––––––––––––––––––––––––––––––––––––––––––––––––––––––––––––
|   o1   |   0   |   0   |   1   |   0   |   1   |   1   |   1   |   0   |   0   |   1   |   0   |   1   |   0   |   0   |   0   |   0   |   0   |   0   |
––––––––––––––––––––––––––––––––––––––––––––––––––––––––––––––––––––––––––––––––––––––––––––––––––––––––––––––––––––––––––––––––––––––––––––––––––––––––––
|   p1   |   0   |   0   |   0   |   1   |   1   |   0   |   1   |   2   |   0   |   2   |   0   |   1   |   1   |   1   | P5 p3 |   2   |   0   |   0   |
––––––––––––––––––––––––––––––––––––––––––––––––––––––––––––––––––––––––––––––––––––––––––––––––––––––––––––––––––––––––––––––––––––––––––––––––––––––––––
|   q1   |   0   |   0   |   0   |   1   |   1   |   0   |   1   |   0   |   0   |   0   |   0   |   1   |   1   |   0   |   0   |   0   |   0   |   0   |
––––––––––––––––––––––––––––––––––––––––––––––––––––––––––––––––––––––––––––––––––––––––––––––––––––––––––––––––––––––––––––––––––––––––––––––––––––––––––
|   r1   |   0   |   0   |   0   |   0   |   0   |   0   |   0   |   2   |   1   |   1   |   0   |   0   |   0   |   0   |   0   |   0   |   0   |   0   |
––––––––––––––––––––––––––––––––––––––––––––––––––––––––––––––––––––––––––––––––––––––––––––––––––––––––––––––––––––––––––––––––––––––––––––––––––––––––––
|   s1   |   0   |   0   |   0   |   0   |   0   |   0   |   0   |   0   |   0   |   2   |   0   |   0   |   0   |   0   |   0   |   0   |   0   |   0   |
––––––––––––––––––––––––––––––––––––––––––––––––––––––––––––––––––––––––––––––––––––––––––––––––––––––––––––––––––––––––––––––––––––––––––––––––––––––––––
Runner/a.txt
Enumerating players, plr count: 5
--- Runda 7 ---
Runner/a.txt
Expected dim: 19, 18
Generating new void board...
Map Dimensions found: 19 rows, 18 cols

--- Internal Check ---
00 00 00 00 00 02 00 01 00 00 00 00 00 00 00 00 00 00 
00 00 00 00 00 00 00 02 00 00 00 00 00 00 00 00 00 00 
00 00 00 00 00 00 00 01 01 01 03 02 01 00 00 00 00 00 
00 00 00 03 00 01 00 00 00 01 00 01 00 00 00 00 00 00 
00 00 00 00 03 00 00 00 00 01 00 01 01 00 00 00 02 00 
00 00 00 02 00 00 00 00 00 00 00 00 00 00 01 00 00 00 
00 00 00 01 00 00 00 00 00 01 00 00 00 00 00 00 00 00 
00 00 02 01 01 02 01 00 01 02 00 00 00 00 00 00 00 00 
00 01 00 00 01 00 01 00 00 00 00 01 00 00 00 00 00 01 
00 02 02 02 01 02 02 01 01 00 01 00 00 00 00 00 01 00 
00 00 02 01 01 01 00 00 00 00 00 00 00 00 00 01 01 00 
00 00 01 01 00 00 00 00 00 00 00 02 01 01 01 01 00 00 
00 00 00 01 01 00 00 00 00 00 00 00 00 00 00 00 00 00 
00 00 02 02 02 02 03 00 00 01 00 00 00 00 01 00 00 00 
00 00 01 00 01 01 01 00 00 01 00 01 00 00 00 00 00 00 
00 00 00 01 01 00 01 02 00 02 00 01 01 01 00 02 00 00 
00 00 00 01 01 00 01 00 00 00 00 01 01 00 00 00 00 00 
00 00 00 00 00 00 00 02 01 01 00 00 00 00 00 00 00 00 
00 00 00 00 00 00 00 00 00 02 00 00 00 00 00 00 00 00 

New scan: Name: GrupaPiotrKuba, Id: 1, Score 101
New scan: Name: Team-E, Id: 2, Score 36
New scan: Name: Sapko_kebab_gamig, Id: 3, Score 57
New scan: Name: Pengwings, Id: 4, Score 53
New scan: Name: Pingwiniarze, Id: 5, Score 10
Successfully loaded 5 players.
Displaying the board.

         |  A1   |  B1   |  C1   |  D1   |  E1   |  F1   |  G1   |  H1   |  I1   |  J1   |  K1   |  L1   |  M1   |  N1   |  O1   |  P1   |  Q1   |  R1   |
––––––––––––––––––––––––––––––––––––––––––––––––––––––––––––––––––––––––––––––––––––––––––––––––––––––––––––––––––––––––––––––––––––––––––––––––––––––––––
|   a1   |   0   |   0   |   0   |   0   |   0   |   2   | P1 p1 |   1   |   0   |   0   |   0   |   0   |   0   |   0   |   0   |   0   |   0   |   0   |
––––––––––––––––––––––––––––––––––––––––––––––––––––––––––––––––––––––––––––––––––––––––––––––––––––––––––––––––––––––––––––––––––––––––––––––––––––––––––
|   b1   |   0   |   0   |   0   |   0   |   0   |   0   |   0   |   2   |   0   |   0   |   0   |   0   |   0   |   0   |   0   |   0   |   0   |   0   |
––––––––––––––––––––––––––––––––––––––––––––––––––––––––––––––––––––––––––––––––––––––––––––––––––––––––––––––––––––––––––––––––––––––––––––––––––––––––––
|   c1   |   0   |   0   |   0   |   0   |   0   |   0   |   0   |   1   |   1   |   1   |   3   |   2   |   1   |   0   |   0   |   0   |   0   |   0   |
––––––––––––––––––––––––––––––––––––––––––––––––––––––––––––––––––––––––––––––––––––––––––––––––––––––––––––––––––––––––––––––––––––––––––––––––––––––––––
|   d1   |   0   |   0   |   0   |   3   |   0   |   1   |   0   |   0   | P1 p2 |   1   |   0   |   1   |   0   | P2 p1 |   0   |   0   |   0   |   0   |
––––––––––––––––––––––––––––––––––––––––––––––––––––––––––––––––––––––––––––––––––––––––––––––––––––––––––––––––––––––––––––––––––––––––––––––––––––––––––
|   e1   |   0   |   0   |   0   |   0   |   3   | P5 p1 |   0   |   0   |   0   |   1   |   0   |   1   |   1   |   0   |   0   |   0   |   2   |   0   |
––––––––––––––––––––––––––––––––––––––––––––––––––––––––––––––––––––––––––––––––––––––––––––––––––––––––––––––––––––––––––––––––––––––––––––––––––––––––––
|   f1   |   0   |   0   |   0   |   2   |   0   |   0   |   0   | P5 p2 |   0   |   0   |   0   |   0   |   0   |   0   |   1   |   0   |   0   |   0   |
––––––––––––––––––––––––––––––––––––––––––––––––––––––––––––––––––––––––––––––––––––––––––––––––––––––––––––––––––––––––––––––––––––––––––––––––––––––––––
|   g1   |   0   |   0   |   0   |   1   |   0   |   0   |   0   |   0   |   0   |   1   |   0   |   0   |   0   |   0   |   0   |   0   |   0   | P2 p2 |
––––––––––––––––––––––––––––––––––––––––––––––––––––––––––––––––––––––––––––––––––––––––––––––––––––––––––––––––––––––––––––––––––––––––––––––––––––––––––
|   h1   |   0   |   0   |   2   |   1   |   1   |   2   |   1   |   0   |   1   |   2   |   0   |   0   | P4 p1 |   0   |   0   |   0   |   0   |   0   |
––––––––––––––––––––––––––––––––––––––––––––––––––––––––––––––––––––––––––––––––––––––––––––––––––––––––––––––––––––––––––––––––––––––––––––––––––––––––––
|   i1   |   0   |   1   |   0   |   0   |   1   |   0   |   1   |   0   |   0   |   0   |   0   |   1   |   0   |   0   |   0   | P3 p1 |   0   |   1   |
––––––––––––––––––––––––––––––––––––––––––––––––––––––––––––––––––––––––––––––––––––––––––––––––––––––––––––––––––––––––––––––––––––––––––––––––––––––––––
|   j1   |   0   |   2   |   2   |   2   |   1   |   2   |   2   |   1   |   1   |   0   |   1   |   0   |   0   |   0   | P2 p3 |   0   |   1   |   0   |
––––––––––––––––––––––––––––––––––––––––––––––––––––––––––––––––––––––––––––––––––––––––––––––––––––––––––––––––––––––––––––––––––––––––––––––––––––––––––
|   k1   |   0   |   0   |   2   |   1   |   1   |   1   |   0   |   0   |   0   | P4 p2 |   0   | P1 p3 |   0   |   0   |   0   |   1   |   1   |   0   |
––––––––––––––––––––––––––––––––––––––––––––––––––––––––––––––––––––––––––––––––––––––––––––––––––––––––––––––––––––––––––––––––––––––––––––––––––––––––––
|   l1   |   0   |   0   |   1   |   1   |   0   |   0   |   0   |   0   |   0   |   0   |   0   |   2   |   1   |   1   |   1   |   1   |   0   | P3 p2 |
––––––––––––––––––––––––––––––––––––––––––––––––––––––––––––––––––––––––––––––––––––––––––––––––––––––––––––––––––––––––––––––––––––––––––––––––––––––––––
|   m1   |   0   |   0   |   0   |   1   |   1   |   0   |   0   | P4 p3 | P3 p3 |   0   |   0   |   0   |   0   |   0   |   0   |   0   |   0   |   0   |
––––––––––––––––––––––––––––––––––––––––––––––––––––––––––––––––––––––––––––––––––––––––––––––––––––––––––––––––––––––––––––––––––––––––––––––––––––––––––
|   n1   |   0   |   0   |   2   |   2   |   2   |   2   |   3   |   0   |   0   |   1   |   0   |   0   |   0   |   0   |   1   |   0   |   0   |   0   |
––––––––––––––––––––––––––––––––––––––––––––––––––––––––––––––––––––––––––––––––––––––––––––––––––––––––––––––––––––––––––––––––––––––––––––––––––––––––––
|   o1   |   0   |   0   |   1   |   0   |   1   |   1   |   1   |   0   |   0   |   1   |   0   |   1   |   0   |   0   |   0   |   0   |   0   |   0   |
––––––––––––––––––––––––––––––––––––––––––––––––––––––––––––––––––––––––––––––––––––––––––––––––––––––––––––––––––––––––––––––––––––––––––––––––––––––––––
|   p1   |   0   |   0   |   0   |   1   |   1   |   0   |   1   |   2   |   0   |   2   |   0   |   1   |   1   |   1   | P5 p3 |   2   |   0   |   0   |
––––––––––––––––––––––––––––––––––––––––––––––––––––––––––––––––––––––––––––––––––––––––––––––––––––––––––––––––––––––––––––––––––––––––––––––––––––––––––
|   q1   |   0   |   0   |   0   |   1   |   1   |   0   |   1   |   0   |   0   |   0   |   0   |   1   |   1   |   0   |   0   |   0   |   0   |   0   |
––––––––––––––––––––––––––––––––––––––––––––––––––––––––––––––––––––––––––––––––––––––––––––––––––––––––––––––––––––––––––––––––––––––––––––––––––––––––––
|   r1   |   0   |   0   |   0   |   0   |   0   |   0   |   0   |   2   |   1   |   1   |   0   |   0   |   0   |   0   |   0   |   0   |   0   |   0   |
––––––––––––––––––––––––––––––––––––––––––––––––––––––––––––––––––––––––––––––––––––––––––––––––––––––––––––––––––––––––––––––––––––––––––––––––––––––––––
|   s1   |   0   |   0   |   0   |   0   |   0   |   0   |   0   |   0   |   0   |   2   |   0   |   0   |   0   |   0   |   0   |   0   |   0   |   0   |
––––––––––––––––––––––––––––––––––––––––––––––––––––––––––––––––––––––––––––––––––––––––––––––––––––––––––––––––––––––––––––––––––––––––––––––––––––––––––
Pointer to penguins: 0x5f1c13abb4d0
Best move: fromX 4, fromY: 5, toX: 4, toY: 4, as 4, penguin id 0
Displaying the board.

         |  A1   |  B1   |  C1   |  D1   |  E1   |  F1   |  G1   |  H1   |  I1   |  J1   |  K1   |  L1   |  M1   |  N1   |  O1   |  P1   |  Q1   |  R1   |
––––––––––––––––––––––––––––––––––––––––––––––––––––––––––––––––––––––––––––––––––––––––––––––––––––––––––––––––––––––––––––––––––––––––––––––––––––––––––
|   a1   |   0   |   0   |   0   |   0   |   0   |   2   | P1 p1 |   1   |   0   |   0   |   0   |   0   |   0   |   0   |   0   |   0   |   0   |   0   |
––––––––––––––––––––––––––––––––––––––––––––––––––––––––––––––––––––––––––––––––––––––––––––––––––––––––––––––––––––––––––––––––––––––––––––––––––––––––––
|   b1   |   0   |   0   |   0   |   0   |   0   |   0   |   0   |   2   |   0   |   0   |   0   |   0   |   0   |   0   |   0   |   0   |   0   |   0   |
––––––––––––––––––––––––––––––––––––––––––––––––––––––––––––––––––––––––––––––––––––––––––––––––––––––––––––––––––––––––––––––––––––––––––––––––––––––––––
|   c1   |   0   |   0   |   0   |   0   |   0   |   0   |   0   |   1   |   1   |   1   |   3   |   2   |   1   |   0   |   0   |   0   |   0   |   0   |
––––––––––––––––––––––––––––––––––––––––––––––––––––––––––––––––––––––––––––––––––––––––––––––––––––––––––––––––––––––––––––––––––––––––––––––––––––––––––
|   d1   |   0   |   0   |   0   |   3   |   0   |   1   |   0   |   0   | P1 p2 |   1   |   0   |   1   |   0   | P2 p1 |   0   |   0   |   0   |   0   |
––––––––––––––––––––––––––––––––––––––––––––––––––––––––––––––––––––––––––––––––––––––––––––––––––––––––––––––––––––––––––––––––––––––––––––––––––––––––––
|   e1   |   0   |   0   |   0   |   0   | P5 p1 |   0   |   0   |   0   |   0   |   1   |   0   |   1   |   1   |   0   |   0   |   0   |   2   |   0   |
––––––––––––––––––––––––––––––––––––––––––––––––––––––––––––––––––––––––––––––––––––––––––––––––––––––––––––––––––––––––––––––––––––––––––––––––––––––––––
|   f1   |   0   |   0   |   0   |   2   |   0   |   0   |   0   | P5 p2 |   0   |   0   |   0   |   0   |   0   |   0   |   1   |   0   |   0   |   0   |
––––––––––––––––––––––––––––––––––––––––––––––––––––––––––––––––––––––––––––––––––––––––––––––––––––––––––––––––––––––––––––––––––––––––––––––––––––––––––
|   g1   |   0   |   0   |   0   |   1   |   0   |   0   |   0   |   0   |   0   |   1   |   0   |   0   |   0   |   0   |   0   |   0   |   0   | P2 p2 |
––––––––––––––––––––––––––––––––––––––––––––––––––––––––––––––––––––––––––––––––––––––––––––––––––––––––––––––––––––––––––––––––––––––––––––––––––––––––––
|   h1   |   0   |   0   |   2   |   1   |   1   |   2   |   1   |   0   |   1   |   2   |   0   |   0   | P4 p1 |   0   |   0   |   0   |   0   |   0   |
––––––––––––––––––––––––––––––––––––––––––––––––––––––––––––––––––––––––––––––––––––––––––––––––––––––––––––––––––––––––––––––––––––––––––––––––––––––––––
|   i1   |   0   |   1   |   0   |   0   |   1   |   0   |   1   |   0   |   0   |   0   |   0   |   1   |   0   |   0   |   0   | P3 p1 |   0   |   1   |
––––––––––––––––––––––––––––––––––––––––––––––––––––––––––––––––––––––––––––––––––––––––––––––––––––––––––––––––––––––––––––––––––––––––––––––––––––––––––
|   j1   |   0   |   2   |   2   |   2   |   1   |   2   |   2   |   1   |   1   |   0   |   1   |   0   |   0   |   0   | P2 p3 |   0   |   1   |   0   |
––––––––––––––––––––––––––––––––––––––––––––––––––––––––––––––––––––––––––––––––––––––––––––––––––––––––––––––––––––––––––––––––––––––––––––––––––––––––––
|   k1   |   0   |   0   |   2   |   1   |   1   |   1   |   0   |   0   |   0   | P4 p2 |   0   | P1 p3 |   0   |   0   |   0   |   1   |   1   |   0   |
––––––––––––––––––––––––––––––––––––––––––––––––––––––––––––––––––––––––––––––––––––––––––––––––––––––––––––––––––––––––––––––––––––––––––––––––––––––––––
|   l1   |   0   |   0   |   1   |   1   |   0   |   0   |   0   |   0   |   0   |   0   |   0   |   2   |   1   |   1   |   1   |   1   |   0   | P3 p2 |
––––––––––––––––––––––––––––––––––––––––––––––––––––––––––––––––––––––––––––––––––––––––––––––––––––––––––––––––––––––––––––––––––––––––––––––––––––––––––
|   m1   |   0   |   0   |   0   |   1   |   1   |   0   |   0   | P4 p3 | P3 p3 |   0   |   0   |   0   |   0   |   0   |   0   |   0   |   0   |   0   |
––––––––––––––––––––––––––––––––––––––––––––––––––––––––––––––––––––––––––––––––––––––––––––––––––––––––––––––––––––––––––––––––––––––––––––––––––––––––––
|   n1   |   0   |   0   |   2   |   2   |   2   |   2   |   3   |   0   |   0   |   1   |   0   |   0   |   0   |   0   |   1   |   0   |   0   |   0   |
––––––––––––––––––––––––––––––––––––––––––––––––––––––––––––––––––––––––––––––––––––––––––––––––––––––––––––––––––––––––––––––––––––––––––––––––––––––––––
|   o1   |   0   |   0   |   1   |   0   |   1   |   1   |   1   |   0   |   0   |   1   |   0   |   1   |   0   |   0   |   0   |   0   |   0   |   0   |
––––––––––––––––––––––––––––––––––––––––––––––––––––––––––––––––––––––––––––––––––––––––––––––––––––––––––––––––––––––––––––––––––––––––––––––––––––––––––
|   p1   |   0   |   0   |   0   |   1   |   1   |   0   |   1   |   2   |   0   |   2   |   0   |   1   |   1   |   1   | P5 p3 |   2   |   0   |   0   |
––––––––––––––––––––––––––––––––––––––––––––––––––––––––––––––––––––––––––––––––––––––––––––––––––––––––––––––––––––––––––––––––––––––––––––––––––––––––––
|   q1   |   0   |   0   |   0   |   1   |   1   |   0   |   1   |   0   |   0   |   0   |   0   |   1   |   1   |   0   |   0   |   0   |   0   |   0   |
––––––––––––––––––––––––––––––––––––––––––––––––––––––––––––––––––––––––––––––––––––––––––––––––––––––––––––––––––––––––––––––––––––––––––––––––––––––––––
|   r1   |   0   |   0   |   0   |   0   |   0   |   0   |   0   |   2   |   1   |   1   |   0   |   0   |   0   |   0   |   0   |   0   |   0   |   0   |
––––––––––––––––––––––––––––––––––––––––––––––––––––––––––––––––––––––––––––––––––––––––––––––––––––––––––––––––––––––––––––––––––––––––––––––––––––––––––
|   s1   |   0   |   0   |   0   |   0   |   0   |   0   |   0   |   0   |   0   |   2   |   0   |   0   |   0   |   0   |   0   |   0   |   0   |   0   |
––––––––––––––––––––––––––––––––––––––––––––––––––––––––––––––––––––––––––––––––––––––––––––––––––––––––––––––––––––––––––––––––––––––––––––––––––––––––––
Runner/a.txt
Enumerating players, plr count: 5
--- Runda 8 ---
Runner/a.txt
Expected dim: 19, 18
Generating new void board...
Map Dimensions found: 19 rows, 18 cols

--- Internal Check ---
00 00 00 00 00 02 00 01 00 00 00 00 00 00 00 00 00 00 
00 00 00 00 00 00 00 02 00 00 00 00 00 00 00 00 00 00 
00 00 00 00 00 00 00 01 01 01 03 02 01 00 00 00 00 00 
00 00 00 03 00 01 00 00 00 01 00 01 00 00 00 00 00 00 
00 00 00 00 00 00 00 00 00 01 00 01 01 00 00 00 02 00 
00 00 00 02 00 00 00 00 00 00 00 00 00 00 01 00 00 00 
00 00 00 01 00 00 00 00 00 01 00 00 00 00 00 00 00 00 
00 00 02 01 01 02 01 00 01 02 00 00 00 00 00 00 00 00 
00 01 00 00 01 00 01 00 00 00 00 01 00 00 00 00 00 01 
00 02 02 02 01 02 02 01 01 00 01 00 00 00 00 00 01 00 
00 00 02 01 01 01 00 00 00 00 00 00 00 00 00 01 01 00 
00 00 01 01 00 00 00 00 00 00 00 02 01 01 01 01 00 00 
00 00 00 01 01 00 00 00 00 00 00 00 00 00 00 00 00 00 
00 00 02 02 02 02 03 00 00 01 00 00 00 00 01 00 00 00 
00 00 01 00 01 01 01 00 00 01 00 01 00 00 00 00 00 00 
00 00 00 01 01 00 01 02 00 02 00 01 01 01 00 02 00 00 
00 00 00 01 01 00 01 00 00 00 00 01 01 00 00 00 00 00 
00 00 00 00 00 00 00 02 01 01 00 00 00 00 00 00 00 00 
00 00 00 00 00 00 00 00 00 02 00 00 00 00 00 00 00 00 

New scan: Name: GrupaPiotrKuba, Id: 1, Score 101
New scan: Name: Team-E, Id: 2, Score 36
New scan: Name: Sapko_kebab_gamig, Id: 3, Score 57
New scan: Name: Pengwings, Id: 4, Score 53
New scan: Name: Pingwiniarze, Id: 5, Score 13
Successfully loaded 5 players.
Displaying the board.

         |  A1   |  B1   |  C1   |  D1   |  E1   |  F1   |  G1   |  H1   |  I1   |  J1   |  K1   |  L1   |  M1   |  N1   |  O1   |  P1   |  Q1   |  R1   |
––––––––––––––––––––––––––––––––––––––––––––––––––––––––––––––––––––––––––––––––––––––––––––––––––––––––––––––––––––––––––––––––––––––––––––––––––––––––––
|   a1   |   0   |   0   |   0   |   0   |   0   |   2   | P1 p1 |   1   |   0   |   0   |   0   |   0   |   0   |   0   |   0   |   0   |   0   |   0   |
––––––––––––––––––––––––––––––––––––––––––––––––––––––––––––––––––––––––––––––––––––––––––––––––––––––––––––––––––––––––––––––––––––––––––––––––––––––––––
|   b1   |   0   |   0   |   0   |   0   |   0   |   0   |   0   |   2   |   0   |   0   |   0   |   0   |   0   |   0   |   0   |   0   |   0   |   0   |
––––––––––––––––––––––––––––––––––––––––––––––––––––––––––––––––––––––––––––––––––––––––––––––––––––––––––––––––––––––––––––––––––––––––––––––––––––––––––
|   c1   |   0   |   0   |   0   |   0   |   0   |   0   |   0   |   1   |   1   |   1   |   3   |   2   |   1   |   0   |   0   |   0   |   0   |   0   |
––––––––––––––––––––––––––––––––––––––––––––––––––––––––––––––––––––––––––––––––––––––––––––––––––––––––––––––––––––––––––––––––––––––––––––––––––––––––––
|   d1   |   0   |   0   |   0   |   3   |   0   |   1   |   0   |   0   | P1 p2 |   1   |   0   |   1   |   0   | P2 p1 |   0   |   0   |   0   |   0   |
––––––––––––––––––––––––––––––––––––––––––––––––––––––––––––––––––––––––––––––––––––––––––––––––––––––––––––––––––––––––––––––––––––––––––––––––––––––––––
|   e1   |   0   |   0   |   0   |   0   | P5 p1 |   0   |   0   |   0   |   0   |   1   |   0   |   1   |   1   |   0   |   0   |   0   |   2   |   0   |
––––––––––––––––––––––––––––––––––––––––––––––––––––––––––––––––––––––––––––––––––––––––––––––––––––––––––––––––––––––––––––––––––––––––––––––––––––––––––
|   f1   |   0   |   0   |   0   |   2   |   0   |   0   |   0   | P5 p2 |   0   |   0   |   0   |   0   |   0   |   0   |   1   |   0   |   0   |   0   |
––––––––––––––––––––––––––––––––––––––––––––––––––––––––––––––––––––––––––––––––––––––––––––––––––––––––––––––––––––––––––––––––––––––––––––––––––––––––––
|   g1   |   0   |   0   |   0   |   1   |   0   |   0   |   0   |   0   |   0   |   1   |   0   |   0   |   0   |   0   |   0   |   0   |   0   | P2 p2 |
––––––––––––––––––––––––––––––––––––––––––––––––––––––––––––––––––––––––––––––––––––––––––––––––––––––––––––––––––––––––––––––––––––––––––––––––––––––––––
|   h1   |   0   |   0   |   2   |   1   |   1   |   2   |   1   |   0   |   1   |   2   |   0   |   0   | P4 p1 |   0   |   0   |   0   |   0   |   0   |
––––––––––––––––––––––––––––––––––––––––––––––––––––––––––––––––––––––––––––––––––––––––––––––––––––––––––––––––––––––––––––––––––––––––––––––––––––––––––
|   i1   |   0   |   1   |   0   |   0   |   1   |   0   |   1   |   0   |   0   |   0   |   0   |   1   |   0   |   0   |   0   | P3 p1 |   0   |   1   |
––––––––––––––––––––––––––––––––––––––––––––––––––––––––––––––––––––––––––––––––––––––––––––––––––––––––––––––––––––––––––––––––––––––––––––––––––––––––––
|   j1   |   0   |   2   |   2   |   2   |   1   |   2   |   2   |   1   |   1   |   0   |   1   |   0   |   0   |   0   | P2 p3 |   0   |   1   |   0   |
––––––––––––––––––––––––––––––––––––––––––––––––––––––––––––––––––––––––––––––––––––––––––––––––––––––––––––––––––––––––––––––––––––––––––––––––––––––––––
|   k1   |   0   |   0   |   2   |   1   |   1   |   1   |   0   |   0   |   0   | P4 p2 |   0   | P1 p3 |   0   |   0   |   0   |   1   |   1   |   0   |
––––––––––––––––––––––––––––––––––––––––––––––––––––––––––––––––––––––––––––––––––––––––––––––––––––––––––––––––––––––––––––––––––––––––––––––––––––––––––
|   l1   |   0   |   0   |   1   |   1   |   0   |   0   |   0   |   0   |   0   |   0   |   0   |   2   |   1   |   1   |   1   |   1   |   0   | P3 p2 |
––––––––––––––––––––––––––––––––––––––––––––––––––––––––––––––––––––––––––––––––––––––––––––––––––––––––––––––––––––––––––––––––––––––––––––––––––––––––––
|   m1   |   0   |   0   |   0   |   1   |   1   |   0   |   0   | P4 p3 | P3 p3 |   0   |   0   |   0   |   0   |   0   |   0   |   0   |   0   |   0   |
––––––––––––––––––––––––––––––––––––––––––––––––––––––––––––––––––––––––––––––––––––––––––––––––––––––––––––––––––––––––––––––––––––––––––––––––––––––––––
|   n1   |   0   |   0   |   2   |   2   |   2   |   2   |   3   |   0   |   0   |   1   |   0   |   0   |   0   |   0   |   1   |   0   |   0   |   0   |
––––––––––––––––––––––––––––––––––––––––––––––––––––––––––––––––––––––––––––––––––––––––––––––––––––––––––––––––––––––––––––––––––––––––––––––––––––––––––
|   o1   |   0   |   0   |   1   |   0   |   1   |   1   |   1   |   0   |   0   |   1   |   0   |   1   |   0   |   0   |   0   |   0   |   0   |   0   |
––––––––––––––––––––––––––––––––––––––––––––––––––––––––––––––––––––––––––––––––––––––––––––––––––––––––––––––––––––––––––––––––––––––––––––––––––––––––––
|   p1   |   0   |   0   |   0   |   1   |   1   |   0   |   1   |   2   |   0   |   2   |   0   |   1   |   1   |   1   | P5 p3 |   2   |   0   |   0   |
––––––––––––––––––––––––––––––––––––––––––––––––––––––––––––––––––––––––––––––––––––––––––––––––––––––––––––––––––––––––––––––––––––––––––––––––––––––––––
|   q1   |   0   |   0   |   0   |   1   |   1   |   0   |   1   |   0   |   0   |   0   |   0   |   1   |   1   |   0   |   0   |   0   |   0   |   0   |
––––––––––––––––––––––––––––––––––––––––––––––––––––––––––––––––––––––––––––––––––––––––––––––––––––––––––––––––––––––––––––––––––––––––––––––––––––––––––
|   r1   |   0   |   0   |   0   |   0   |   0   |   0   |   0   |   2   |   1   |   1   |   0   |   0   |   0   |   0   |   0   |   0   |   0   |   0   |
––––––––––––––––––––––––––––––––––––––––––––––––––––––––––––––––––––––––––––––––––––––––––––––––––––––––––––––––––––––––––––––––––––––––––––––––––––––––––
|   s1   |   0   |   0   |   0   |   0   |   0   |   0   |   0   |   0   |   0   |   2   |   0   |   0   |   0   |   0   |   0   |   0   |   0   |   0   |
––––––––––––––––––––––––––––––––––––––––––––––––––––––––––––––––––––––––––––––––––––––––––––––––––––––––––––––––––––––––––––––––––––––––––––––––––––––––––
Pointer to penguins: 0x5eafa28c24d0
Best move: fromX 15, fromY: 14, toX: 15, toY: 13, as 4, penguin id 2
Displaying the board.

         |  A1   |  B1   |  C1   |  D1   |  E1   |  F1   |  G1   |  H1   |  I1   |  J1   |  K1   |  L1   |  M1   |  N1   |  O1   |  P1   |  Q1   |  R1   |
––––––––––––––––––––––––––––––––––––––––––––––––––––––––––––––––––––––––––––––––––––––––––––––––––––––––––––––––––––––––––––––––––––––––––––––––––––––––––
|   a1   |   0   |   0   |   0   |   0   |   0   |   2   | P1 p1 |   1   |   0   |   0   |   0   |   0   |   0   |   0   |   0   |   0   |   0   |   0   |
––––––––––––––––––––––––––––––––––––––––––––––––––––––––––––––––––––––––––––––––––––––––––––––––––––––––––––––––––––––––––––––––––––––––––––––––––––––––––
|   b1   |   0   |   0   |   0   |   0   |   0   |   0   |   0   |   2   |   0   |   0   |   0   |   0   |   0   |   0   |   0   |   0   |   0   |   0   |
––––––––––––––––––––––––––––––––––––––––––––––––––––––––––––––––––––––––––––––––––––––––––––––––––––––––––––––––––––––––––––––––––––––––––––––––––––––––––
|   c1   |   0   |   0   |   0   |   0   |   0   |   0   |   0   |   1   |   1   |   1   |   3   |   2   |   1   |   0   |   0   |   0   |   0   |   0   |
––––––––––––––––––––––––––––––––––––––––––––––––––––––––––––––––––––––––––––––––––––––––––––––––––––––––––––––––––––––––––––––––––––––––––––––––––––––––––
|   d1   |   0   |   0   |   0   |   3   |   0   |   1   |   0   |   0   | P1 p2 |   1   |   0   |   1   |   0   | P2 p1 |   0   |   0   |   0   |   0   |
––––––––––––––––––––––––––––––––––––––––––––––––––––––––––––––––––––––––––––––––––––––––––––––––––––––––––––––––––––––––––––––––––––––––––––––––––––––––––
|   e1   |   0   |   0   |   0   |   0   | P5 p1 |   0   |   0   |   0   |   0   |   1   |   0   |   1   |   1   |   0   |   0   |   0   |   2   |   0   |
––––––––––––––––––––––––––––––––––––––––––––––––––––––––––––––––––––––––––––––––––––––––––––––––––––––––––––––––––––––––––––––––––––––––––––––––––––––––––
|   f1   |   0   |   0   |   0   |   2   |   0   |   0   |   0   | P5 p2 |   0   |   0   |   0   |   0   |   0   |   0   |   1   |   0   |   0   |   0   |
––––––––––––––––––––––––––––––––––––––––––––––––––––––––––––––––––––––––––––––––––––––––––––––––––––––––––––––––––––––––––––––––––––––––––––––––––––––––––
|   g1   |   0   |   0   |   0   |   1   |   0   |   0   |   0   |   0   |   0   |   1   |   0   |   0   |   0   |   0   |   0   |   0   |   0   | P2 p2 |
––––––––––––––––––––––––––––––––––––––––––––––––––––––––––––––––––––––––––––––––––––––––––––––––––––––––––––––––––––––––––––––––––––––––––––––––––––––––––
|   h1   |   0   |   0   |   2   |   1   |   1   |   2   |   1   |   0   |   1   |   2   |   0   |   0   | P4 p1 |   0   |   0   |   0   |   0   |   0   |
––––––––––––––––––––––––––––––––––––––––––––––––––––––––––––––––––––––––––––––––––––––––––––––––––––––––––––––––––––––––––––––––––––––––––––––––––––––––––
|   i1   |   0   |   1   |   0   |   0   |   1   |   0   |   1   |   0   |   0   |   0   |   0   |   1   |   0   |   0   |   0   | P3 p1 |   0   |   1   |
––––––––––––––––––––––––––––––––––––––––––––––––––––––––––––––––––––––––––––––––––––––––––––––––––––––––––––––––––––––––––––––––––––––––––––––––––––––––––
|   j1   |   0   |   2   |   2   |   2   |   1   |   2   |   2   |   1   |   1   |   0   |   1   |   0   |   0   |   0   | P2 p3 |   0   |   1   |   0   |
––––––––––––––––––––––––––––––––––––––––––––––––––––––––––––––––––––––––––––––––––––––––––––––––––––––––––––––––––––––––––––––––––––––––––––––––––––––––––
|   k1   |   0   |   0   |   2   |   1   |   1   |   1   |   0   |   0   |   0   | P4 p2 |   0   | P1 p3 |   0   |   0   |   0   |   1   |   1   |   0   |
––––––––––––––––––––––––––––––––––––––––––––––––––––––––––––––––––––––––––––––––––––––––––––––––––––––––––––––––––––––––––––––––––––––––––––––––––––––––––
|   l1   |   0   |   0   |   1   |   1   |   0   |   0   |   0   |   0   |   0   |   0   |   0   |   2   |   1   |   1   |   1   |   1   |   0   | P3 p2 |
––––––––––––––––––––––––––––––––––––––––––––––––––––––––––––––––––––––––––––––––––––––––––––––––––––––––––––––––––––––––––––––––––––––––––––––––––––––––––
|   m1   |   0   |   0   |   0   |   1   |   1   |   0   |   0   | P4 p3 | P3 p3 |   0   |   0   |   0   |   0   |   0   |   0   |   0   |   0   |   0   |
––––––––––––––––––––––––––––––––––––––––––––––––––––––––––––––––––––––––––––––––––––––––––––––––––––––––––––––––––––––––––––––––––––––––––––––––––––––––––
|   n1   |   0   |   0   |   2   |   2   |   2   |   2   |   3   |   0   |   0   |   1   |   0   |   0   |   0   |   0   |   1   |   0   |   0   |   0   |
––––––––––––––––––––––––––––––––––––––––––––––––––––––––––––––––––––––––––––––––––––––––––––––––––––––––––––––––––––––––––––––––––––––––––––––––––––––––––
|   o1   |   0   |   0   |   1   |   0   |   1   |   1   |   1   |   0   |   0   |   1   |   0   |   1   |   0   |   0   |   0   |   0   |   0   |   0   |
––––––––––––––––––––––––––––––––––––––––––––––––––––––––––––––––––––––––––––––––––––––––––––––––––––––––––––––––––––––––––––––––––––––––––––––––––––––––––
|   p1   |   0   |   0   |   0   |   1   |   1   |   0   |   1   |   2   |   0   |   2   |   0   |   1   |   1   | P5 p3 |   0   |   2   |   0   |   0   |
––––––––––––––––––––––––––––––––––––––––––––––––––––––––––––––––––––––––––––––––––––––––––––––––––––––––––––––––––––––––––––––––––––––––––––––––––––––––––
|   q1   |   0   |   0   |   0   |   1   |   1   |   0   |   1   |   0   |   0   |   0   |   0   |   1   |   1   |   0   |   0   |   0   |   0   |   0   |
––––––––––––––––––––––––––––––––––––––––––––––––––––––––––––––––––––––––––––––––––––––––––––––––––––––––––––––––––––––––––––––––––––––––––––––––––––––––––
|   r1   |   0   |   0   |   0   |   0   |   0   |   0   |   0   |   2   |   1   |   1   |   0   |   0   |   0   |   0   |   0   |   0   |   0   |   0   |
––––––––––––––––––––––––––––––––––––––––––––––––––––––––––––––––––––––––––––––––––––––––––––––––––––––––––––––––––––––––––––––––––––––––––––––––––––––––––
|   s1   |   0   |   0   |   0   |   0   |   0   |   0   |   0   |   0   |   0   |   2   |   0   |   0   |   0   |   0   |   0   |   0   |   0   |   0   |
––––––––––––––––––––––––––––––––––––––––––––––––––––––––––––––––––––––––––––––––––––––––––––––––––––––––––––––––––––––––––––––––––––––––––––––––––––––––––
Runner/a.txt
Enumerating players, plr count: 5
--- Runda 9 ---
Runner/a.txt
Expected dim: 19, 18
Generating new void board...
Map Dimensions found: 19 rows, 18 cols

--- Internal Check ---
00 00 00 00 00 02 00 01 00 00 00 00 00 00 00 00 00 00 
00 00 00 00 00 00 00 02 00 00 00 00 00 00 00 00 00 00 
00 00 00 00 00 00 00 01 01 01 03 02 01 00 00 00 00 00 
00 00 00 03 00 01 00 00 00 01 00 01 00 00 00 00 00 00 
00 00 00 00 00 00 00 00 00 01 00 01 01 00 00 00 02 00 
00 00 00 02 00 00 00 00 00 00 00 00 00 00 01 00 00 00 
00 00 00 01 00 00 00 00 00 01 00 00 00 00 00 00 00 00 
00 00 02 01 01 02 01 00 01 02 00 00 00 00 00 00 00 00 
00 01 00 00 01 00 01 00 00 00 00 01 00 00 00 00 00 01 
00 02 02 02 01 02 02 01 01 00 01 00 00 00 00 00 01 00 
00 00 02 01 01 01 00 00 00 00 00 00 00 00 00 01 01 00 
00 00 01 01 00 00 00 00 00 00 00 02 01 01 01 01 00 00 
00 00 00 01 01 00 00 00 00 00 00 00 00 00 00 00 00 00 
00 00 02 02 02 02 03 00 00 01 00 00 00 00 01 00 00 00 
00 00 01 00 01 01 01 00 00 01 00 01 00 00 00 00 00 00 
00 00 00 01 01 00 01 02 00 02 00 01 01 00 00 02 00 00 
00 00 00 01 01 00 01 00 00 00 00 01 01 00 00 00 00 00 
00 00 00 00 00 00 00 02 01 01 00 00 00 00 00 00 00 00 
00 00 00 00 00 00 00 00 00 02 00 00 00 00 00 00 00 00 

New scan: Name: GrupaPiotrKuba, Id: 1, Score 101
New scan: Name: Team-E, Id: 2, Score 36
New scan: Name: Sapko_kebab_gamig, Id: 3, Score 57
New scan: Name: Pengwings, Id: 4, Score 53
New scan: Name: Pingwiniarze, Id: 5, Score 14
Successfully loaded 5 players.
Displaying the board.

         |  A1   |  B1   |  C1   |  D1   |  E1   |  F1   |  G1   |  H1   |  I1   |  J1   |  K1   |  L1   |  M1   |  N1   |  O1   |  P1   |  Q1   |  R1   |
––––––––––––––––––––––––––––––––––––––––––––––––––––––––––––––––––––––––––––––––––––––––––––––––––––––––––––––––––––––––––––––––––––––––––––––––––––––––––
|   a1   |   0   |   0   |   0   |   0   |   0   |   2   | P1 p1 |   1   |   0   |   0   |   0   |   0   |   0   |   0   |   0   |   0   |   0   |   0   |
––––––––––––––––––––––––––––––––––––––––––––––––––––––––––––––––––––––––––––––––––––––––––––––––––––––––––––––––––––––––––––––––––––––––––––––––––––––––––
|   b1   |   0   |   0   |   0   |   0   |   0   |   0   |   0   |   2   |   0   |   0   |   0   |   0   |   0   |   0   |   0   |   0   |   0   |   0   |
––––––––––––––––––––––––––––––––––––––––––––––––––––––––––––––––––––––––––––––––––––––––––––––––––––––––––––––––––––––––––––––––––––––––––––––––––––––––––
|   c1   |   0   |   0   |   0   |   0   |   0   |   0   |   0   |   1   |   1   |   1   |   3   |   2   |   1   |   0   |   0   |   0   |   0   |   0   |
––––––––––––––––––––––––––––––––––––––––––––––––––––––––––––––––––––––––––––––––––––––––––––––––––––––––––––––––––––––––––––––––––––––––––––––––––––––––––
|   d1   |   0   |   0   |   0   |   3   |   0   |   1   |   0   |   0   | P1 p2 |   1   |   0   |   1   |   0   | P2 p1 |   0   |   0   |   0   |   0   |
––––––––––––––––––––––––––––––––––––––––––––––––––––––––––––––––––––––––––––––––––––––––––––––––––––––––––––––––––––––––––––––––––––––––––––––––––––––––––
|   e1   |   0   |   0   |   0   |   0   | P5 p1 |   0   |   0   |   0   |   0   |   1   |   0   |   1   |   1   |   0   |   0   |   0   |   2   |   0   |
––––––––––––––––––––––––––––––––––––––––––––––––––––––––––––––––––––––––––––––––––––––––––––––––––––––––––––––––––––––––––––––––––––––––––––––––––––––––––
|   f1   |   0   |   0   |   0   |   2   |   0   |   0   |   0   | P5 p2 |   0   |   0   |   0   |   0   |   0   |   0   |   1   |   0   |   0   |   0   |
––––––––––––––––––––––––––––––––––––––––––––––––––––––––––––––––––––––––––––––––––––––––––––––––––––––––––––––––––––––––––––––––––––––––––––––––––––––––––
|   g1   |   0   |   0   |   0   |   1   |   0   |   0   |   0   |   0   |   0   |   1   |   0   |   0   |   0   |   0   |   0   |   0   |   0   | P2 p2 |
––––––––––––––––––––––––––––––––––––––––––––––––––––––––––––––––––––––––––––––––––––––––––––––––––––––––––––––––––––––––––––––––––––––––––––––––––––––––––
|   h1   |   0   |   0   |   2   |   1   |   1   |   2   |   1   |   0   |   1   |   2   |   0   |   0   | P4 p1 |   0   |   0   |   0   |   0   |   0   |
––––––––––––––––––––––––––––––––––––––––––––––––––––––––––––––––––––––––––––––––––––––––––––––––––––––––––––––––––––––––––––––––––––––––––––––––––––––––––
|   i1   |   0   |   1   |   0   |   0   |   1   |   0   |   1   |   0   |   0   |   0   |   0   |   1   |   0   |   0   |   0   | P3 p1 |   0   |   1   |
––––––––––––––––––––––––––––––––––––––––––––––––––––––––––––––––––––––––––––––––––––––––––––––––––––––––––––––––––––––––––––––––––––––––––––––––––––––––––
|   j1   |   0   |   2   |   2   |   2   |   1   |   2   |   2   |   1   |   1   |   0   |   1   |   0   |   0   |   0   | P2 p3 |   0   |   1   |   0   |
––––––––––––––––––––––––––––––––––––––––––––––––––––––––––––––––––––––––––––––––––––––––––––––––––––––––––––––––––––––––––––––––––––––––––––––––––––––––––
|   k1   |   0   |   0   |   2   |   1   |   1   |   1   |   0   |   0   |   0   | P4 p2 |   0   | P1 p3 |   0   |   0   |   0   |   1   |   1   |   0   |
––––––––––––––––––––––––––––––––––––––––––––––––––––––––––––––––––––––––––––––––––––––––––––––––––––––––––––––––––––––––––––––––––––––––––––––––––––––––––
|   l1   |   0   |   0   |   1   |   1   |   0   |   0   |   0   |   0   |   0   |   0   |   0   |   2   |   1   |   1   |   1   |   1   |   0   | P3 p2 |
––––––––––––––––––––––––––––––––––––––––––––––––––––––––––––––––––––––––––––––––––––––––––––––––––––––––––––––––––––––––––––––––––––––––––––––––––––––––––
|   m1   |   0   |   0   |   0   |   1   |   1   |   0   |   0   | P4 p3 | P3 p3 |   0   |   0   |   0   |   0   |   0   |   0   |   0   |   0   |   0   |
––––––––––––––––––––––––––––––––––––––––––––––––––––––––––––––––––––––––––––––––––––––––––––––––––––––––––––––––––––––––––––––––––––––––––––––––––––––––––
|   n1   |   0   |   0   |   2   |   2   |   2   |   2   |   3   |   0   |   0   |   1   |   0   |   0   |   0   |   0   |   1   |   0   |   0   |   0   |
––––––––––––––––––––––––––––––––––––––––––––––––––––––––––––––––––––––––––––––––––––––––––––––––––––––––––––––––––––––––––––––––––––––––––––––––––––––––––
|   o1   |   0   |   0   |   1   |   0   |   1   |   1   |   1   |   0   |   0   |   1   |   0   |   1   |   0   |   0   |   0   |   0   |   0   |   0   |
––––––––––––––––––––––––––––––––––––––––––––––––––––––––––––––––––––––––––––––––––––––––––––––––––––––––––––––––––––––––––––––––––––––––––––––––––––––––––
|   p1   |   0   |   0   |   0   |   1   |   1   |   0   |   1   |   2   |   0   |   2   |   0   |   1   |   1   | P5 p3 |   0   |   2   |   0   |   0   |
––––––––––––––––––––––––––––––––––––––––––––––––––––––––––––––––––––––––––––––––––––––––––––––––––––––––––––––––––––––––––––––––––––––––––––––––––––––––––
|   q1   |   0   |   0   |   0   |   1   |   1   |   0   |   1   |   0   |   0   |   0   |   0   |   1   |   1   |   0   |   0   |   0   |   0   |   0   |
––––––––––––––––––––––––––––––––––––––––––––––––––––––––––––––––––––––––––––––––––––––––––––––––––––––––––––––––––––––––––––––––––––––––––––––––––––––––––
|   r1   |   0   |   0   |   0   |   0   |   0   |   0   |   0   |   2   |   1   |   1   |   0   |   0   |   0   |   0   |   0   |   0   |   0   |   0   |
––––––––––––––––––––––––––––––––––––––––––––––––––––––––––––––––––––––––––––––––––––––––––––––––––––––––––––––––––––––––––––––––––––––––––––––––––––––––––
|   s1   |   0   |   0   |   0   |   0   |   0   |   0   |   0   |   0   |   0   |   2   |   0   |   0   |   0   |   0   |   0   |   0   |   0   |   0   |
––––––––––––––––––––––––––––––––––––––––––––––––––––––––––––––––––––––––––––––––––––––––––––––––––––––––––––––––––––––––––––––––––––––––––––––––––––––––––
Pointer to penguins: 0x60084fdcd4d0
Best move: fromX 15, fromY: 13, toX: 15, toY: 12, as 4, penguin id 2
Displaying the board.

         |  A1   |  B1   |  C1   |  D1   |  E1   |  F1   |  G1   |  H1   |  I1   |  J1   |  K1   |  L1   |  M1   |  N1   |  O1   |  P1   |  Q1   |  R1   |
––––––––––––––––––––––––––––––––––––––––––––––––––––––––––––––––––––––––––––––––––––––––––––––––––––––––––––––––––––––––––––––––––––––––––––––––––––––––––
|   a1   |   0   |   0   |   0   |   0   |   0   |   2   | P1 p1 |   1   |   0   |   0   |   0   |   0   |   0   |   0   |   0   |   0   |   0   |   0   |
––––––––––––––––––––––––––––––––––––––––––––––––––––––––––––––––––––––––––––––––––––––––––––––––––––––––––––––––––––––––––––––––––––––––––––––––––––––––––
|   b1   |   0   |   0   |   0   |   0   |   0   |   0   |   0   |   2   |   0   |   0   |   0   |   0   |   0   |   0   |   0   |   0   |   0   |   0   |
––––––––––––––––––––––––––––––––––––––––––––––––––––––––––––––––––––––––––––––––––––––––––––––––––––––––––––––––––––––––––––––––––––––––––––––––––––––––––
|   c1   |   0   |   0   |   0   |   0   |   0   |   0   |   0   |   1   |   1   |   1   |   3   |   2   |   1   |   0   |   0   |   0   |   0   |   0   |
––––––––––––––––––––––––––––––––––––––––––––––––––––––––––––––––––––––––––––––––––––––––––––––––––––––––––––––––––––––––––––––––––––––––––––––––––––––––––
|   d1   |   0   |   0   |   0   |   3   |   0   |   1   |   0   |   0   | P1 p2 |   1   |   0   |   1   |   0   | P2 p1 |   0   |   0   |   0   |   0   |
––––––––––––––––––––––––––––––––––––––––––––––––––––––––––––––––––––––––––––––––––––––––––––––––––––––––––––––––––––––––––––––––––––––––––––––––––––––––––
|   e1   |   0   |   0   |   0   |   0   | P5 p1 |   0   |   0   |   0   |   0   |   1   |   0   |   1   |   1   |   0   |   0   |   0   |   2   |   0   |
––––––––––––––––––––––––––––––––––––––––––––––––––––––––––––––––––––––––––––––––––––––––––––––––––––––––––––––––––––––––––––––––––––––––––––––––––––––––––
|   f1   |   0   |   0   |   0   |   2   |   0   |   0   |   0   | P5 p2 |   0   |   0   |   0   |   0   |   0   |   0   |   1   |   0   |   0   |   0   |
––––––––––––––––––––––––––––––––––––––––––––––––––––––––––––––––––––––––––––––––––––––––––––––––––––––––––––––––––––––––––––––––––––––––––––––––––––––––––
|   g1   |   0   |   0   |   0   |   1   |   0   |   0   |   0   |   0   |   0   |   1   |   0   |   0   |   0   |   0   |   0   |   0   |   0   | P2 p2 |
––––––––––––––––––––––––––––––––––––––––––––––––––––––––––––––––––––––––––––––––––––––––––––––––––––––––––––––––––––––––––––––––––––––––––––––––––––––––––
|   h1   |   0   |   0   |   2   |   1   |   1   |   2   |   1   |   0   |   1   |   2   |   0   |   0   | P4 p1 |   0   |   0   |   0   |   0   |   0   |
––––––––––––––––––––––––––––––––––––––––––––––––––––––––––––––––––––––––––––––––––––––––––––––––––––––––––––––––––––––––––––––––––––––––––––––––––––––––––
|   i1   |   0   |   1   |   0   |   0   |   1   |   0   |   1   |   0   |   0   |   0   |   0   |   1   |   0   |   0   |   0   | P3 p1 |   0   |   1   |
––––––––––––––––––––––––––––––––––––––––––––––––––––––––––––––––––––––––––––––––––––––––––––––––––––––––––––––––––––––––––––––––––––––––––––––––––––––––––
|   j1   |   0   |   2   |   2   |   2   |   1   |   2   |   2   |   1   |   1   |   0   |   1   |   0   |   0   |   0   | P2 p3 |   0   |   1   |   0   |
––––––––––––––––––––––––––––––––––––––––––––––––––––––––––––––––––––––––––––––––––––––––––––––––––––––––––––––––––––––––––––––––––––––––––––––––––––––––––
|   k1   |   0   |   0   |   2   |   1   |   1   |   1   |   0   |   0   |   0   | P4 p2 |   0   | P1 p3 |   0   |   0   |   0   |   1   |   1   |   0   |
––––––––––––––––––––––––––––––––––––––––––––––––––––––––––––––––––––––––––––––––––––––––––––––––––––––––––––––––––––––––––––––––––––––––––––––––––––––––––
|   l1   |   0   |   0   |   1   |   1   |   0   |   0   |   0   |   0   |   0   |   0   |   0   |   2   |   1   |   1   |   1   |   1   |   0   | P3 p2 |
––––––––––––––––––––––––––––––––––––––––––––––––––––––––––––––––––––––––––––––––––––––––––––––––––––––––––––––––––––––––––––––––––––––––––––––––––––––––––
|   m1   |   0   |   0   |   0   |   1   |   1   |   0   |   0   | P4 p3 | P3 p3 |   0   |   0   |   0   |   0   |   0   |   0   |   0   |   0   |   0   |
––––––––––––––––––––––––––––––––––––––––––––––––––––––––––––––––––––––––––––––––––––––––––––––––––––––––––––––––––––––––––––––––––––––––––––––––––––––––––
|   n1   |   0   |   0   |   2   |   2   |   2   |   2   |   3   |   0   |   0   |   1   |   0   |   0   |   0   |   0   |   1   |   0   |   0   |   0   |
––––––––––––––––––––––––––––––––––––––––––––––––––––––––––––––––––––––––––––––––––––––––––––––––––––––––––––––––––––––––––––––––––––––––––––––––––––––––––
|   o1   |   0   |   0   |   1   |   0   |   1   |   1   |   1   |   0   |   0   |   1   |   0   |   1   |   0   |   0   |   0   |   0   |   0   |   0   |
––––––––––––––––––––––––––––––––––––––––––––––––––––––––––––––––––––––––––––––––––––––––––––––––––––––––––––––––––––––––––––––––––––––––––––––––––––––––––
|   p1   |   0   |   0   |   0   |   1   |   1   |   0   |   1   |   2   |   0   |   2   |   0   |   1   | P5 p3 |   0   |   0   |   2   |   0   |   0   |
––––––––––––––––––––––––––––––––––––––––––––––––––––––––––––––––––––––––––––––––––––––––––––––––––––––––––––––––––––––––––––––––––––––––––––––––––––––––––
|   q1   |   0   |   0   |   0   |   1   |   1   |   0   |   1   |   0   |   0   |   0   |   0   |   1   |   1   |   0   |   0   |   0   |   0   |   0   |
––––––––––––––––––––––––––––––––––––––––––––––––––––––––––––––––––––––––––––––––––––––––––––––––––––––––––––––––––––––––––––––––––––––––––––––––––––––––––
|   r1   |   0   |   0   |   0   |   0   |   0   |   0   |   0   |   2   |   1   |   1   |   0   |   0   |   0   |   0   |   0   |   0   |   0   |   0   |
––––––––––––––––––––––––––––––––––––––––––––––––––––––––––––––––––––––––––––––––––––––––––––––––––––––––––––––––––––––––––––––––––––––––––––––––––––––––––
|   s1   |   0   |   0   |   0   |   0   |   0   |   0   |   0   |   0   |   0   |   2   |   0   |   0   |   0   |   0   |   0   |   0   |   0   |   0   |
––––––––––––––––––––––––––––––––––––––––––––––––––––––––––––––––––––––––––––––––––––––––––––––––––––––––––––––––––––––––––––––––––––––––––––––––––––––––––
Runner/a.txt
Enumerating players, plr count: 5
--- Runda 10 ---
Runner/a.txt
Expected dim: 19, 18
Generating new void board...
Map Dimensions found: 19 rows, 18 cols

--- Internal Check ---
00 00 00 00 00 02 00 01 00 00 00 00 00 00 00 00 00 00 
00 00 00 00 00 00 00 02 00 00 00 00 00 00 00 00 00 00 
00 00 00 00 00 00 00 01 01 01 03 02 01 00 00 00 00 00 
00 00 00 03 00 01 00 00 00 01 00 01 00 00 00 00 00 00 
00 00 00 00 00 00 00 00 00 01 00 01 01 00 00 00 02 00 
00 00 00 02 00 00 00 00 00 00 00 00 00 00 01 00 00 00 
00 00 00 01 00 00 00 00 00 01 00 00 00 00 00 00 00 00 
00 00 02 01 01 02 01 00 01 02 00 00 00 00 00 00 00 00 
00 01 00 00 01 00 01 00 00 00 00 01 00 00 00 00 00 01 
00 02 02 02 01 02 02 01 01 00 01 00 00 00 00 00 01 00 
00 00 02 01 01 01 00 00 00 00 00 00 00 00 00 01 01 00 
00 00 01 01 00 00 00 00 00 00 00 02 01 01 01 01 00 00 
00 00 00 01 01 00 00 00 00 00 00 00 00 00 00 00 00 00 
00 00 02 02 02 02 03 00 00 01 00 00 00 00 01 00 00 00 
00 00 01 00 01 01 01 00 00 01 00 01 00 00 00 00 00 00 
00 00 00 01 01 00 01 02 00 02 00 01 00 00 00 02 00 00 
00 00 00 01 01 00 01 00 00 00 00 01 01 00 00 00 00 00 
00 00 00 00 00 00 00 02 01 01 00 00 00 00 00 00 00 00 
00 00 00 00 00 00 00 00 00 02 00 00 00 00 00 00 00 00 

New scan: Name: GrupaPiotrKuba, Id: 1, Score 101
New scan: Name: Team-E, Id: 2, Score 36
New scan: Name: Sapko_kebab_gamig, Id: 3, Score 57
New scan: Name: Pengwings, Id: 4, Score 53
New scan: Name: Pingwiniarze, Id: 5, Score 15
Successfully loaded 5 players.
Displaying the board.

         |  A1   |  B1   |  C1   |  D1   |  E1   |  F1   |  G1   |  H1   |  I1   |  J1   |  K1   |  L1   |  M1   |  N1   |  O1   |  P1   |  Q1   |  R1   |
––––––––––––––––––––––––––––––––––––––––––––––––––––––––––––––––––––––––––––––––––––––––––––––––––––––––––––––––––––––––––––––––––––––––––––––––––––––––––
|   a1   |   0   |   0   |   0   |   0   |   0   |   2   | P1 p1 |   1   |   0   |   0   |   0   |   0   |   0   |   0   |   0   |   0   |   0   |   0   |
––––––––––––––––––––––––––––––––––––––––––––––––––––––––––––––––––––––––––––––––––––––––––––––––––––––––––––––––––––––––––––––––––––––––––––––––––––––––––
|   b1   |   0   |   0   |   0   |   0   |   0   |   0   |   0   |   2   |   0   |   0   |   0   |   0   |   0   |   0   |   0   |   0   |   0   |   0   |
––––––––––––––––––––––––––––––––––––––––––––––––––––––––––––––––––––––––––––––––––––––––––––––––––––––––––––––––––––––––––––––––––––––––––––––––––––––––––
|   c1   |   0   |   0   |   0   |   0   |   0   |   0   |   0   |   1   |   1   |   1   |   3   |   2   |   1   |   0   |   0   |   0   |   0   |   0   |
––––––––––––––––––––––––––––––––––––––––––––––––––––––––––––––––––––––––––––––––––––––––––––––––––––––––––––––––––––––––––––––––––––––––––––––––––––––––––
|   d1   |   0   |   0   |   0   |   3   |   0   |   1   |   0   |   0   | P1 p2 |   1   |   0   |   1   |   0   | P2 p1 |   0   |   0   |   0   |   0   |
––––––––––––––––––––––––––––––––––––––––––––––––––––––––––––––––––––––––––––––––––––––––––––––––––––––––––––––––––––––––––––––––––––––––––––––––––––––––––
|   e1   |   0   |   0   |   0   |   0   | P5 p1 |   0   |   0   |   0   |   0   |   1   |   0   |   1   |   1   |   0   |   0   |   0   |   2   |   0   |
––––––––––––––––––––––––––––––––––––––––––––––––––––––––––––––––––––––––––––––––––––––––––––––––––––––––––––––––––––––––––––––––––––––––––––––––––––––––––
|   f1   |   0   |   0   |   0   |   2   |   0   |   0   |   0   | P5 p2 |   0   |   0   |   0   |   0   |   0   |   0   |   1   |   0   |   0   |   0   |
––––––––––––––––––––––––––––––––––––––––––––––––––––––––––––––––––––––––––––––––––––––––––––––––––––––––––––––––––––––––––––––––––––––––––––––––––––––––––
|   g1   |   0   |   0   |   0   |   1   |   0   |   0   |   0   |   0   |   0   |   1   |   0   |   0   |   0   |   0   |   0   |   0   |   0   | P2 p2 |
––––––––––––––––––––––––––––––––––––––––––––––––––––––––––––––––––––––––––––––––––––––––––––––––––––––––––––––––––––––––––––––––––––––––––––––––––––––––––
|   h1   |   0   |   0   |   2   |   1   |   1   |   2   |   1   |   0   |   1   |   2   |   0   |   0   | P4 p1 |   0   |   0   |   0   |   0   |   0   |
––––––––––––––––––––––––––––––––––––––––––––––––––––––––––––––––––––––––––––––––––––––––––––––––––––––––––––––––––––––––––––––––––––––––––––––––––––––––––
|   i1   |   0   |   1   |   0   |   0   |   1   |   0   |   1   |   0   |   0   |   0   |   0   |   1   |   0   |   0   |   0   | P3 p1 |   0   |   1   |
––––––––––––––––––––––––––––––––––––––––––––––––––––––––––––––––––––––––––––––––––––––––––––––––––––––––––––––––––––––––––––––––––––––––––––––––––––––––––
|   j1   |   0   |   2   |   2   |   2   |   1   |   2   |   2   |   1   |   1   |   0   |   1   |   0   |   0   |   0   | P2 p3 |   0   |   1   |   0   |
––––––––––––––––––––––––––––––––––––––––––––––––––––––––––––––––––––––––––––––––––––––––––––––––––––––––––––––––––––––––––––––––––––––––––––––––––––––––––
|   k1   |   0   |   0   |   2   |   1   |   1   |   1   |   0   |   0   |   0   | P4 p2 |   0   | P1 p3 |   0   |   0   |   0   |   1   |   1   |   0   |
––––––––––––––––––––––––––––––––––––––––––––––––––––––––––––––––––––––––––––––––––––––––––––––––––––––––––––––––––––––––––––––––––––––––––––––––––––––––––
|   l1   |   0   |   0   |   1   |   1   |   0   |   0   |   0   |   0   |   0   |   0   |   0   |   2   |   1   |   1   |   1   |   1   |   0   | P3 p2 |
––––––––––––––––––––––––––––––––––––––––––––––––––––––––––––––––––––––––––––––––––––––––––––––––––––––––––––––––––––––––––––––––––––––––––––––––––––––––––
|   m1   |   0   |   0   |   0   |   1   |   1   |   0   |   0   | P4 p3 | P3 p3 |   0   |   0   |   0   |   0   |   0   |   0   |   0   |   0   |   0   |
––––––––––––––––––––––––––––––––––––––––––––––––––––––––––––––––––––––––––––––––––––––––––––––––––––––––––––––––––––––––––––––––––––––––––––––––––––––––––
|   n1   |   0   |   0   |   2   |   2   |   2   |   2   |   3   |   0   |   0   |   1   |   0   |   0   |   0   |   0   |   1   |   0   |   0   |   0   |
––––––––––––––––––––––––––––––––––––––––––––––––––––––––––––––––––––––––––––––––––––––––––––––––––––––––––––––––––––––––––––––––––––––––––––––––––––––––––
|   o1   |   0   |   0   |   1   |   0   |   1   |   1   |   1   |   0   |   0   |   1   |   0   |   1   |   0   |   0   |   0   |   0   |   0   |   0   |
––––––––––––––––––––––––––––––––––––––––––––––––––––––––––––––––––––––––––––––––––––––––––––––––––––––––––––––––––––––––––––––––––––––––––––––––––––––––––
|   p1   |   0   |   0   |   0   |   1   |   1   |   0   |   1   |   2   |   0   |   2   |   0   |   1   | P5 p3 |   0   |   0   |   2   |   0   |   0   |
––––––––––––––––––––––––––––––––––––––––––––––––––––––––––––––––––––––––––––––––––––––––––––––––––––––––––––––––––––––––––––––––––––––––––––––––––––––––––
|   q1   |   0   |   0   |   0   |   1   |   1   |   0   |   1   |   0   |   0   |   0   |   0   |   1   |   1   |   0   |   0   |   0   |   0   |   0   |
––––––––––––––––––––––––––––––––––––––––––––––––––––––––––––––––––––––––––––––––––––––––––––––––––––––––––––––––––––––––––––––––––––––––––––––––––––––––––
|   r1   |   0   |   0   |   0   |   0   |   0   |   0   |   0   |   2   |   1   |   1   |   0   |   0   |   0   |   0   |   0   |   0   |   0   |   0   |
––––––––––––––––––––––––––––––––––––––––––––––––––––––––––––––––––––––––––––––––––––––––––––––––––––––––––––––––––––––––––––––––––––––––––––––––––––––––––
|   s1   |   0   |   0   |   0   |   0   |   0   |   0   |   0   |   0   |   0   |   2   |   0   |   0   |   0   |   0   |   0   |   0   |   0   |   0   |
––––––––––––––––––––––––––––––––––––––––––––––––––––––––––––––––––––––––––––––––––––––––––––––––––––––––––––––––––––––––––––––––––––––––––––––––––––––––––
Pointer to penguins: 0x5d1c638234d0
Best move: fromX 15, fromY: 12, toX: 15, toY: 11, as 4, penguin id 2
Displaying the board.

         |  A1   |  B1   |  C1   |  D1   |  E1   |  F1   |  G1   |  H1   |  I1   |  J1   |  K1   |  L1   |  M1   |  N1   |  O1   |  P1   |  Q1   |  R1   |
––––––––––––––––––––––––––––––––––––––––––––––––––––––––––––––––––––––––––––––––––––––––––––––––––––––––––––––––––––––––––––––––––––––––––––––––––––––––––
|   a1   |   0   |   0   |   0   |   0   |   0   |   2   | P1 p1 |   1   |   0   |   0   |   0   |   0   |   0   |   0   |   0   |   0   |   0   |   0   |
––––––––––––––––––––––––––––––––––––––––––––––––––––––––––––––––––––––––––––––––––––––––––––––––––––––––––––––––––––––––––––––––––––––––––––––––––––––––––
|   b1   |   0   |   0   |   0   |   0   |   0   |   0   |   0   |   2   |   0   |   0   |   0   |   0   |   0   |   0   |   0   |   0   |   0   |   0   |
––––––––––––––––––––––––––––––––––––––––––––––––––––––––––––––––––––––––––––––––––––––––––––––––––––––––––––––––––––––––––––––––––––––––––––––––––––––––––
|   c1   |   0   |   0   |   0   |   0   |   0   |   0   |   0   |   1   |   1   |   1   |   3   |   2   |   1   |   0   |   0   |   0   |   0   |   0   |
––––––––––––––––––––––––––––––––––––––––––––––––––––––––––––––––––––––––––––––––––––––––––––––––––––––––––––––––––––––––––––––––––––––––––––––––––––––––––
|   d1   |   0   |   0   |   0   |   3   |   0   |   1   |   0   |   0   | P1 p2 |   1   |   0   |   1   |   0   | P2 p1 |   0   |   0   |   0   |   0   |
––––––––––––––––––––––––––––––––––––––––––––––––––––––––––––––––––––––––––––––––––––––––––––––––––––––––––––––––––––––––––––––––––––––––––––––––––––––––––
|   e1   |   0   |   0   |   0   |   0   | P5 p1 |   0   |   0   |   0   |   0   |   1   |   0   |   1   |   1   |   0   |   0   |   0   |   2   |   0   |
––––––––––––––––––––––––––––––––––––––––––––––––––––––––––––––––––––––––––––––––––––––––––––––––––––––––––––––––––––––––––––––––––––––––––––––––––––––––––
|   f1   |   0   |   0   |   0   |   2   |   0   |   0   |   0   | P5 p2 |   0   |   0   |   0   |   0   |   0   |   0   |   1   |   0   |   0   |   0   |
––––––––––––––––––––––––––––––––––––––––––––––––––––––––––––––––––––––––––––––––––––––––––––––––––––––––––––––––––––––––––––––––––––––––––––––––––––––––––
|   g1   |   0   |   0   |   0   |   1   |   0   |   0   |   0   |   0   |   0   |   1   |   0   |   0   |   0   |   0   |   0   |   0   |   0   | P2 p2 |
––––––––––––––––––––––––––––––––––––––––––––––––––––––––––––––––––––––––––––––––––––––––––––––––––––––––––––––––––––––––––––––––––––––––––––––––––––––––––
|   h1   |   0   |   0   |   2   |   1   |   1   |   2   |   1   |   0   |   1   |   2   |   0   |   0   | P4 p1 |   0   |   0   |   0   |   0   |   0   |
––––––––––––––––––––––––––––––––––––––––––––––––––––––––––––––––––––––––––––––––––––––––––––––––––––––––––––––––––––––––––––––––––––––––––––––––––––––––––
|   i1   |   0   |   1   |   0   |   0   |   1   |   0   |   1   |   0   |   0   |   0   |   0   |   1   |   0   |   0   |   0   | P3 p1 |   0   |   1   |
––––––––––––––––––––––––––––––––––––––––––––––––––––––––––––––––––––––––––––––––––––––––––––––––––––––––––––––––––––––––––––––––––––––––––––––––––––––––––
|   j1   |   0   |   2   |   2   |   2   |   1   |   2   |   2   |   1   |   1   |   0   |   1   |   0   |   0   |   0   | P2 p3 |   0   |   1   |   0   |
––––––––––––––––––––––––––––––––––––––––––––––––––––––––––––––––––––––––––––––––––––––––––––––––––––––––––––––––––––––––––––––––––––––––––––––––––––––––––
|   k1   |   0   |   0   |   2   |   1   |   1   |   1   |   0   |   0   |   0   | P4 p2 |   0   | P1 p3 |   0   |   0   |   0   |   1   |   1   |   0   |
––––––––––––––––––––––––––––––––––––––––––––––––––––––––––––––––––––––––––––––––––––––––––––––––––––––––––––––––––––––––––––––––––––––––––––––––––––––––––
|   l1   |   0   |   0   |   1   |   1   |   0   |   0   |   0   |   0   |   0   |   0   |   0   |   2   |   1   |   1   |   1   |   1   |   0   | P3 p2 |
––––––––––––––––––––––––––––––––––––––––––––––––––––––––––––––––––––––––––––––––––––––––––––––––––––––––––––––––––––––––––––––––––––––––––––––––––––––––––
|   m1   |   0   |   0   |   0   |   1   |   1   |   0   |   0   | P4 p3 | P3 p3 |   0   |   0   |   0   |   0   |   0   |   0   |   0   |   0   |   0   |
––––––––––––––––––––––––––––––––––––––––––––––––––––––––––––––––––––––––––––––––––––––––––––––––––––––––––––––––––––––––––––––––––––––––––––––––––––––––––
|   n1   |   0   |   0   |   2   |   2   |   2   |   2   |   3   |   0   |   0   |   1   |   0   |   0   |   0   |   0   |   1   |   0   |   0   |   0   |
––––––––––––––––––––––––––––––––––––––––––––––––––––––––––––––––––––––––––––––––––––––––––––––––––––––––––––––––––––––––––––––––––––––––––––––––––––––––––
|   o1   |   0   |   0   |   1   |   0   |   1   |   1   |   1   |   0   |   0   |   1   |   0   |   1   |   0   |   0   |   0   |   0   |   0   |   0   |
––––––––––––––––––––––––––––––––––––––––––––––––––––––––––––––––––––––––––––––––––––––––––––––––––––––––––––––––––––––––––––––––––––––––––––––––––––––––––
|   p1   |   0   |   0   |   0   |   1   |   1   |   0   |   1   |   2   |   0   |   2   |   0   | P5 p3 |   0   |   0   |   0   |   2   |   0   |   0   |
––––––––––––––––––––––––––––––––––––––––––––––––––––––––––––––––––––––––––––––––––––––––––––––––––––––––––––––––––––––––––––––––––––––––––––––––––––––––––
|   q1   |   0   |   0   |   0   |   1   |   1   |   0   |   1   |   0   |   0   |   0   |   0   |   1   |   1   |   0   |   0   |   0   |   0   |   0   |
––––––––––––––––––––––––––––––––––––––––––––––––––––––––––––––––––––––––––––––––––––––––––––––––––––––––––––––––––––––––––––––––––––––––––––––––––––––––––
|   r1   |   0   |   0   |   0   |   0   |   0   |   0   |   0   |   2   |   1   |   1   |   0   |   0   |   0   |   0   |   0   |   0   |   0   |   0   |
––––––––––––––––––––––––––––––––––––––––––––––––––––––––––––––––––––––––––––––––––––––––––––––––––––––––––––––––––––––––––––––––––––––––––––––––––––––––––
|   s1   |   0   |   0   |   0   |   0   |   0   |   0   |   0   |   0   |   0   |   2   |   0   |   0   |   0   |   0   |   0   |   0   |   0   |   0   |
––––––––––––––––––––––––––––––––––––––––––––––––––––––––––––––––––––––––––––––––––––––––––––––––––––––––––––––––––––––––––––––––––––––––––––––––––––––––––
Runner/a.txt
Enumerating players, plr count: 5
--- Runda 11 ---
Runner/a.txt
Expected dim: 19, 18
Generating new void board...
Map Dimensions found: 19 rows, 18 cols

--- Internal Check ---
00 00 00 00 00 02 00 01 00 00 00 00 00 00 00 00 00 00 
00 00 00 00 00 00 00 02 00 00 00 00 00 00 00 00 00 00 
00 00 00 00 00 00 00 01 01 01 03 02 01 00 00 00 00 00 
00 00 00 03 00 01 00 00 00 01 00 01 00 00 00 00 00 00 
00 00 00 00 00 00 00 00 00 01 00 01 01 00 00 00 02 00 
00 00 00 02 00 00 00 00 00 00 00 00 00 00 01 00 00 00 
00 00 00 01 00 00 00 00 00 01 00 00 00 00 00 00 00 00 
00 00 02 01 01 02 01 00 01 02 00 00 00 00 00 00 00 00 
00 01 00 00 01 00 01 00 00 00 00 01 00 00 00 00 00 01 
00 02 02 02 01 02 02 01 01 00 01 00 00 00 00 00 01 00 
00 00 02 01 01 01 00 00 00 00 00 00 00 00 00 01 01 00 
00 00 01 01 00 00 00 00 00 00 00 02 01 01 01 01 00 00 
00 00 00 01 01 00 00 00 00 00 00 00 00 00 00 00 00 00 
00 00 02 02 02 02 03 00 00 01 00 00 00 00 01 00 00 00 
00 00 01 00 01 01 01 00 00 01 00 01 00 00 00 00 00 00 
00 00 00 01 01 00 01 02 00 02 00 00 00 00 00 02 00 00 
00 00 00 01 01 00 01 00 00 00 00 01 01 00 00 00 00 00 
00 00 00 00 00 00 00 02 01 01 00 00 00 00 00 00 00 00 
00 00 00 00 00 00 00 00 00 02 00 00 00 00 00 00 00 00 

New scan: Name: GrupaPiotrKuba, Id: 1, Score 101
New scan: Name: Team-E, Id: 2, Score 36
New scan: Name: Sapko_kebab_gamig, Id: 3, Score 57
New scan: Name: Pengwings, Id: 4, Score 53
New scan: Name: Pingwiniarze, Id: 5, Score 16
Successfully loaded 5 players.
Displaying the board.

         |  A1   |  B1   |  C1   |  D1   |  E1   |  F1   |  G1   |  H1   |  I1   |  J1   |  K1   |  L1   |  M1   |  N1   |  O1   |  P1   |  Q1   |  R1   |
––––––––––––––––––––––––––––––––––––––––––––––––––––––––––––––––––––––––––––––––––––––––––––––––––––––––––––––––––––––––––––––––––––––––––––––––––––––––––
|   a1   |   0   |   0   |   0   |   0   |   0   |   2   | P1 p1 |   1   |   0   |   0   |   0   |   0   |   0   |   0   |   0   |   0   |   0   |   0   |
––––––––––––––––––––––––––––––––––––––––––––––––––––––––––––––––––––––––––––––––––––––––––––––––––––––––––––––––––––––––––––––––––––––––––––––––––––––––––
|   b1   |   0   |   0   |   0   |   0   |   0   |   0   |   0   |   2   |   0   |   0   |   0   |   0   |   0   |   0   |   0   |   0   |   0   |   0   |
––––––––––––––––––––––––––––––––––––––––––––––––––––––––––––––––––––––––––––––––––––––––––––––––––––––––––––––––––––––––––––––––––––––––––––––––––––––––––
|   c1   |   0   |   0   |   0   |   0   |   0   |   0   |   0   |   1   |   1   |   1   |   3   |   2   |   1   |   0   |   0   |   0   |   0   |   0   |
––––––––––––––––––––––––––––––––––––––––––––––––––––––––––––––––––––––––––––––––––––––––––––––––––––––––––––––––––––––––––––––––––––––––––––––––––––––––––
|   d1   |   0   |   0   |   0   |   3   |   0   |   1   |   0   |   0   | P1 p2 |   1   |   0   |   1   |   0   | P2 p1 |   0   |   0   |   0   |   0   |
––––––––––––––––––––––––––––––––––––––––––––––––––––––––––––––––––––––––––––––––––––––––––––––––––––––––––––––––––––––––––––––––––––––––––––––––––––––––––
|   e1   |   0   |   0   |   0   |   0   | P5 p1 |   0   |   0   |   0   |   0   |   1   |   0   |   1   |   1   |   0   |   0   |   0   |   2   |   0   |
––––––––––––––––––––––––––––––––––––––––––––––––––––––––––––––––––––––––––––––––––––––––––––––––––––––––––––––––––––––––––––––––––––––––––––––––––––––––––
|   f1   |   0   |   0   |   0   |   2   |   0   |   0   |   0   | P5 p2 |   0   |   0   |   0   |   0   |   0   |   0   |   1   |   0   |   0   |   0   |
––––––––––––––––––––––––––––––––––––––––––––––––––––––––––––––––––––––––––––––––––––––––––––––––––––––––––––––––––––––––––––––––––––––––––––––––––––––––––
|   g1   |   0   |   0   |   0   |   1   |   0   |   0   |   0   |   0   |   0   |   1   |   0   |   0   |   0   |   0   |   0   |   0   |   0   | P2 p2 |
––––––––––––––––––––––––––––––––––––––––––––––––––––––––––––––––––––––––––––––––––––––––––––––––––––––––––––––––––––––––––––––––––––––––––––––––––––––––––
|   h1   |   0   |   0   |   2   |   1   |   1   |   2   |   1   |   0   |   1   |   2   |   0   |   0   | P4 p1 |   0   |   0   |   0   |   0   |   0   |
––––––––––––––––––––––––––––––––––––––––––––––––––––––––––––––––––––––––––––––––––––––––––––––––––––––––––––––––––––––––––––––––––––––––––––––––––––––––––
|   i1   |   0   |   1   |   0   |   0   |   1   |   0   |   1   |   0   |   0   |   0   |   0   |   1   |   0   |   0   |   0   | P3 p1 |   0   |   1   |
––––––––––––––––––––––––––––––––––––––––––––––––––––––––––––––––––––––––––––––––––––––––––––––––––––––––––––––––––––––––––––––––––––––––––––––––––––––––––
|   j1   |   0   |   2   |   2   |   2   |   1   |   2   |   2   |   1   |   1   |   0   |   1   |   0   |   0   |   0   | P2 p3 |   0   |   1   |   0   |
––––––––––––––––––––––––––––––––––––––––––––––––––––––––––––––––––––––––––––––––––––––––––––––––––––––––––––––––––––––––––––––––––––––––––––––––––––––––––
|   k1   |   0   |   0   |   2   |   1   |   1   |   1   |   0   |   0   |   0   | P4 p2 |   0   | P1 p3 |   0   |   0   |   0   |   1   |   1   |   0   |
––––––––––––––––––––––––––––––––––––––––––––––––––––––––––––––––––––––––––––––––––––––––––––––––––––––––––––––––––––––––––––––––––––––––––––––––––––––––––
|   l1   |   0   |   0   |   1   |   1   |   0   |   0   |   0   |   0   |   0   |   0   |   0   |   2   |   1   |   1   |   1   |   1   |   0   | P3 p2 |
––––––––––––––––––––––––––––––––––––––––––––––––––––––––––––––––––––––––––––––––––––––––––––––––––––––––––––––––––––––––––––––––––––––––––––––––––––––––––
|   m1   |   0   |   0   |   0   |   1   |   1   |   0   |   0   | P4 p3 | P3 p3 |   0   |   0   |   0   |   0   |   0   |   0   |   0   |   0   |   0   |
––––––––––––––––––––––––––––––––––––––––––––––––––––––––––––––––––––––––––––––––––––––––––––––––––––––––––––––––––––––––––––––––––––––––––––––––––––––––––
|   n1   |   0   |   0   |   2   |   2   |   2   |   2   |   3   |   0   |   0   |   1   |   0   |   0   |   0   |   0   |   1   |   0   |   0   |   0   |
––––––––––––––––––––––––––––––––––––––––––––––––––––––––––––––––––––––––––––––––––––––––––––––––––––––––––––––––––––––––––––––––––––––––––––––––––––––––––
|   o1   |   0   |   0   |   1   |   0   |   1   |   1   |   1   |   0   |   0   |   1   |   0   |   1   |   0   |   0   |   0   |   0   |   0   |   0   |
––––––––––––––––––––––––––––––––––––––––––––––––––––––––––––––––––––––––––––––––––––––––––––––––––––––––––––––––––––––––––––––––––––––––––––––––––––––––––
|   p1   |   0   |   0   |   0   |   1   |   1   |   0   |   1   |   2   |   0   |   2   |   0   | P5 p3 |   0   |   0   |   0   |   2   |   0   |   0   |
––––––––––––––––––––––––––––––––––––––––––––––––––––––––––––––––––––––––––––––––––––––––––––––––––––––––––––––––––––––––––––––––––––––––––––––––––––––––––
|   q1   |   0   |   0   |   0   |   1   |   1   |   0   |   1   |   0   |   0   |   0   |   0   |   1   |   1   |   0   |   0   |   0   |   0   |   0   |
––––––––––––––––––––––––––––––––––––––––––––––––––––––––––––––––––––––––––––––––––––––––––––––––––––––––––––––––––––––––––––––––––––––––––––––––––––––––––
|   r1   |   0   |   0   |   0   |   0   |   0   |   0   |   0   |   2   |   1   |   1   |   0   |   0   |   0   |   0   |   0   |   0   |   0   |   0   |
––––––––––––––––––––––––––––––––––––––––––––––––––––––––––––––––––––––––––––––––––––––––––––––––––––––––––––––––––––––––––––––––––––––––––––––––––––––––––
|   s1   |   0   |   0   |   0   |   0   |   0   |   0   |   0   |   0   |   0   |   2   |   0   |   0   |   0   |   0   |   0   |   0   |   0   |   0   |
––––––––––––––––––––––––––––––––––––––––––––––––––––––––––––––––––––––––––––––––––––––––––––––––––––––––––––––––––––––––––––––––––––––––––––––––––––––––––
Pointer to penguins: 0x58a096aca4d0
Best move: fromX 15, fromY: 11, toX: 14, toY: 11, as 4, penguin id 2
Displaying the board.

         |  A1   |  B1   |  C1   |  D1   |  E1   |  F1   |  G1   |  H1   |  I1   |  J1   |  K1   |  L1   |  M1   |  N1   |  O1   |  P1   |  Q1   |  R1   |
––––––––––––––––––––––––––––––––––––––––––––––––––––––––––––––––––––––––––––––––––––––––––––––––––––––––––––––––––––––––––––––––––––––––––––––––––––––––––
|   a1   |   0   |   0   |   0   |   0   |   0   |   2   | P1 p1 |   1   |   0   |   0   |   0   |   0   |   0   |   0   |   0   |   0   |   0   |   0   |
––––––––––––––––––––––––––––––––––––––––––––––––––––––––––––––––––––––––––––––––––––––––––––––––––––––––––––––––––––––––––––––––––––––––––––––––––––––––––
|   b1   |   0   |   0   |   0   |   0   |   0   |   0   |   0   |   2   |   0   |   0   |   0   |   0   |   0   |   0   |   0   |   0   |   0   |   0   |
––––––––––––––––––––––––––––––––––––––––––––––––––––––––––––––––––––––––––––––––––––––––––––––––––––––––––––––––––––––––––––––––––––––––––––––––––––––––––
|   c1   |   0   |   0   |   0   |   0   |   0   |   0   |   0   |   1   |   1   |   1   |   3   |   2   |   1   |   0   |   0   |   0   |   0   |   0   |
––––––––––––––––––––––––––––––––––––––––––––––––––––––––––––––––––––––––––––––––––––––––––––––––––––––––––––––––––––––––––––––––––––––––––––––––––––––––––
|   d1   |   0   |   0   |   0   |   3   |   0   |   1   |   0   |   0   | P1 p2 |   1   |   0   |   1   |   0   | P2 p1 |   0   |   0   |   0   |   0   |
––––––––––––––––––––––––––––––––––––––––––––––––––––––––––––––––––––––––––––––––––––––––––––––––––––––––––––––––––––––––––––––––––––––––––––––––––––––––––
|   e1   |   0   |   0   |   0   |   0   | P5 p1 |   0   |   0   |   0   |   0   |   1   |   0   |   1   |   1   |   0   |   0   |   0   |   2   |   0   |
––––––––––––––––––––––––––––––––––––––––––––––––––––––––––––––––––––––––––––––––––––––––––––––––––––––––––––––––––––––––––––––––––––––––––––––––––––––––––
|   f1   |   0   |   0   |   0   |   2   |   0   |   0   |   0   | P5 p2 |   0   |   0   |   0   |   0   |   0   |   0   |   1   |   0   |   0   |   0   |
––––––––––––––––––––––––––––––––––––––––––––––––––––––––––––––––––––––––––––––––––––––––––––––––––––––––––––––––––––––––––––––––––––––––––––––––––––––––––
|   g1   |   0   |   0   |   0   |   1   |   0   |   0   |   0   |   0   |   0   |   1   |   0   |   0   |   0   |   0   |   0   |   0   |   0   | P2 p2 |
––––––––––––––––––––––––––––––––––––––––––––––––––––––––––––––––––––––––––––––––––––––––––––––––––––––––––––––––––––––––––––––––––––––––––––––––––––––––––
|   h1   |   0   |   0   |   2   |   1   |   1   |   2   |   1   |   0   |   1   |   2   |   0   |   0   | P4 p1 |   0   |   0   |   0   |   0   |   0   |
––––––––––––––––––––––––––––––––––––––––––––––––––––––––––––––––––––––––––––––––––––––––––––––––––––––––––––––––––––––––––––––––––––––––––––––––––––––––––
|   i1   |   0   |   1   |   0   |   0   |   1   |   0   |   1   |   0   |   0   |   0   |   0   |   1   |   0   |   0   |   0   | P3 p1 |   0   |   1   |
––––––––––––––––––––––––––––––––––––––––––––––––––––––––––––––––––––––––––––––––––––––––––––––––––––––––––––––––––––––––––––––––––––––––––––––––––––––––––
|   j1   |   0   |   2   |   2   |   2   |   1   |   2   |   2   |   1   |   1   |   0   |   1   |   0   |   0   |   0   | P2 p3 |   0   |   1   |   0   |
––––––––––––––––––––––––––––––––––––––––––––––––––––––––––––––––––––––––––––––––––––––––––––––––––––––––––––––––––––––––––––––––––––––––––––––––––––––––––
|   k1   |   0   |   0   |   2   |   1   |   1   |   1   |   0   |   0   |   0   | P4 p2 |   0   | P1 p3 |   0   |   0   |   0   |   1   |   1   |   0   |
––––––––––––––––––––––––––––––––––––––––––––––––––––––––––––––––––––––––––––––––––––––––––––––––––––––––––––––––––––––––––––––––––––––––––––––––––––––––––
|   l1   |   0   |   0   |   1   |   1   |   0   |   0   |   0   |   0   |   0   |   0   |   0   |   2   |   1   |   1   |   1   |   1   |   0   | P3 p2 |
––––––––––––––––––––––––––––––––––––––––––––––––––––––––––––––––––––––––––––––––––––––––––––––––––––––––––––––––––––––––––––––––––––––––––––––––––––––––––
|   m1   |   0   |   0   |   0   |   1   |   1   |   0   |   0   | P4 p3 | P3 p3 |   0   |   0   |   0   |   0   |   0   |   0   |   0   |   0   |   0   |
––––––––––––––––––––––––––––––––––––––––––––––––––––––––––––––––––––––––––––––––––––––––––––––––––––––––––––––––––––––––––––––––––––––––––––––––––––––––––
|   n1   |   0   |   0   |   2   |   2   |   2   |   2   |   3   |   0   |   0   |   1   |   0   |   0   |   0   |   0   |   1   |   0   |   0   |   0   |
––––––––––––––––––––––––––––––––––––––––––––––––––––––––––––––––––––––––––––––––––––––––––––––––––––––––––––––––––––––––––––––––––––––––––––––––––––––––––
|   o1   |   0   |   0   |   1   |   0   |   1   |   1   |   1   |   0   |   0   |   1   |   0   | P5 p3 |   0   |   0   |   0   |   0   |   0   |   0   |
––––––––––––––––––––––––––––––––––––––––––––––––––––––––––––––––––––––––––––––––––––––––––––––––––––––––––––––––––––––––––––––––––––––––––––––––––––––––––
|   p1   |   0   |   0   |   0   |   1   |   1   |   0   |   1   |   2   |   0   |   2   |   0   |   0   |   0   |   0   |   0   |   2   |   0   |   0   |
––––––––––––––––––––––––––––––––––––––––––––––––––––––––––––––––––––––––––––––––––––––––––––––––––––––––––––––––––––––––––––––––––––––––––––––––––––––––––
|   q1   |   0   |   0   |   0   |   1   |   1   |   0   |   1   |   0   |   0   |   0   |   0   |   1   |   1   |   0   |   0   |   0   |   0   |   0   |
––––––––––––––––––––––––––––––––––––––––––––––––––––––––––––––––––––––––––––––––––––––––––––––––––––––––––––––––––––––––––––––––––––––––––––––––––––––––––
|   r1   |   0   |   0   |   0   |   0   |   0   |   0   |   0   |   2   |   1   |   1   |   0   |   0   |   0   |   0   |   0   |   0   |   0   |   0   |
––––––––––––––––––––––––––––––––––––––––––––––––––––––––––––––––––––––––––––––––––––––––––––––––––––––––––––––––––––––––––––––––––––––––––––––––––––––––––
|   s1   |   0   |   0   |   0   |   0   |   0   |   0   |   0   |   0   |   0   |   2   |   0   |   0   |   0   |   0   |   0   |   0   |   0   |   0   |
––––––––––––––––––––––––––––––––––––––––––––––––––––––––––––––––––––––––––––––––––––––––––––––––––––––––––––––––––––––––––––––––––––––––––––––––––––––––––
Runner/a.txt
Enumerating players, plr count: 5
--- Runda 12 ---
Runner/a.txt
Expected dim: 19, 18
Generating new void board...
Map Dimensions found: 19 rows, 18 cols

--- Internal Check ---
00 00 00 00 00 02 00 01 00 00 00 00 00 00 00 00 00 00 
00 00 00 00 00 00 00 02 00 00 00 00 00 00 00 00 00 00 
00 00 00 00 00 00 00 01 01 01 03 02 01 00 00 00 00 00 
00 00 00 03 00 01 00 00 00 01 00 01 00 00 00 00 00 00 
00 00 00 00 00 00 00 00 00 01 00 01 01 00 00 00 02 00 
00 00 00 02 00 00 00 00 00 00 00 00 00 00 01 00 00 00 
00 00 00 01 00 00 00 00 00 01 00 00 00 00 00 00 00 00 
00 00 02 01 01 02 01 00 01 02 00 00 00 00 00 00 00 00 
00 01 00 00 01 00 01 00 00 00 00 01 00 00 00 00 00 01 
00 02 02 02 01 02 02 01 01 00 01 00 00 00 00 00 01 00 
00 00 02 01 01 01 00 00 00 00 00 00 00 00 00 01 01 00 
00 00 01 01 00 00 00 00 00 00 00 02 01 01 01 01 00 00 
00 00 00 01 01 00 00 00 00 00 00 00 00 00 00 00 00 00 
00 00 02 02 02 02 03 00 00 01 00 00 00 00 01 00 00 00 
00 00 01 00 01 01 01 00 00 01 00 00 00 00 00 00 00 00 
00 00 00 01 01 00 01 02 00 02 00 00 00 00 00 02 00 00 
00 00 00 01 01 00 01 00 00 00 00 01 01 00 00 00 00 00 
00 00 00 00 00 00 00 02 01 01 00 00 00 00 00 00 00 00 
00 00 00 00 00 00 00 00 00 02 00 00 00 00 00 00 00 00 

New scan: Name: GrupaPiotrKuba, Id: 1, Score 101
New scan: Name: Team-E, Id: 2, Score 36
New scan: Name: Sapko_kebab_gamig, Id: 3, Score 57
New scan: Name: Pengwings, Id: 4, Score 53
New scan: Name: Pingwiniarze, Id: 5, Score 17
Successfully loaded 5 players.
Displaying the board.

         |  A1   |  B1   |  C1   |  D1   |  E1   |  F1   |  G1   |  H1   |  I1   |  J1   |  K1   |  L1   |  M1   |  N1   |  O1   |  P1   |  Q1   |  R1   |
––––––––––––––––––––––––––––––––––––––––––––––––––––––––––––––––––––––––––––––––––––––––––––––––––––––––––––––––––––––––––––––––––––––––––––––––––––––––––
|   a1   |   0   |   0   |   0   |   0   |   0   |   2   | P1 p1 |   1   |   0   |   0   |   0   |   0   |   0   |   0   |   0   |   0   |   0   |   0   |
––––––––––––––––––––––––––––––––––––––––––––––––––––––––––––––––––––––––––––––––––––––––––––––––––––––––––––––––––––––––––––––––––––––––––––––––––––––––––
|   b1   |   0   |   0   |   0   |   0   |   0   |   0   |   0   |   2   |   0   |   0   |   0   |   0   |   0   |   0   |   0   |   0   |   0   |   0   |
––––––––––––––––––––––––––––––––––––––––––––––––––––––––––––––––––––––––––––––––––––––––––––––––––––––––––––––––––––––––––––––––––––––––––––––––––––––––––
|   c1   |   0   |   0   |   0   |   0   |   0   |   0   |   0   |   1   |   1   |   1   |   3   |   2   |   1   |   0   |   0   |   0   |   0   |   0   |
––––––––––––––––––––––––––––––––––––––––––––––––––––––––––––––––––––––––––––––––––––––––––––––––––––––––––––––––––––––––––––––––––––––––––––––––––––––––––
|   d1   |   0   |   0   |   0   |   3   |   0   |   1   |   0   |   0   | P1 p2 |   1   |   0   |   1   |   0   | P2 p1 |   0   |   0   |   0   |   0   |
––––––––––––––––––––––––––––––––––––––––––––––––––––––––––––––––––––––––––––––––––––––––––––––––––––––––––––––––––––––––––––––––––––––––––––––––––––––––––
|   e1   |   0   |   0   |   0   |   0   | P5 p1 |   0   |   0   |   0   |   0   |   1   |   0   |   1   |   1   |   0   |   0   |   0   |   2   |   0   |
––––––––––––––––––––––––––––––––––––––––––––––––––––––––––––––––––––––––––––––––––––––––––––––––––––––––––––––––––––––––––––––––––––––––––––––––––––––––––
|   f1   |   0   |   0   |   0   |   2   |   0   |   0   |   0   | P5 p2 |   0   |   0   |   0   |   0   |   0   |   0   |   1   |   0   |   0   |   0   |
––––––––––––––––––––––––––––––––––––––––––––––––––––––––––––––––––––––––––––––––––––––––––––––––––––––––––––––––––––––––––––––––––––––––––––––––––––––––––
|   g1   |   0   |   0   |   0   |   1   |   0   |   0   |   0   |   0   |   0   |   1   |   0   |   0   |   0   |   0   |   0   |   0   |   0   | P2 p2 |
––––––––––––––––––––––––––––––––––––––––––––––––––––––––––––––––––––––––––––––––––––––––––––––––––––––––––––––––––––––––––––––––––––––––––––––––––––––––––
|   h1   |   0   |   0   |   2   |   1   |   1   |   2   |   1   |   0   |   1   |   2   |   0   |   0   | P4 p1 |   0   |   0   |   0   |   0   |   0   |
––––––––––––––––––––––––––––––––––––––––––––––––––––––––––––––––––––––––––––––––––––––––––––––––––––––––––––––––––––––––––––––––––––––––––––––––––––––––––
|   i1   |   0   |   1   |   0   |   0   |   1   |   0   |   1   |   0   |   0   |   0   |   0   |   1   |   0   |   0   |   0   | P3 p1 |   0   |   1   |
––––––––––––––––––––––––––––––––––––––––––––––––––––––––––––––––––––––––––––––––––––––––––––––––––––––––––––––––––––––––––––––––––––––––––––––––––––––––––
|   j1   |   0   |   2   |   2   |   2   |   1   |   2   |   2   |   1   |   1   |   0   |   1   |   0   |   0   |   0   | P2 p3 |   0   |   1   |   0   |
––––––––––––––––––––––––––––––––––––––––––––––––––––––––––––––––––––––––––––––––––––––––––––––––––––––––––––––––––––––––––––––––––––––––––––––––––––––––––
|   k1   |   0   |   0   |   2   |   1   |   1   |   1   |   0   |   0   |   0   | P4 p2 |   0   | P1 p3 |   0   |   0   |   0   |   1   |   1   |   0   |
––––––––––––––––––––––––––––––––––––––––––––––––––––––––––––––––––––––––––––––––––––––––––––––––––––––––––––––––––––––––––––––––––––––––––––––––––––––––––
|   l1   |   0   |   0   |   1   |   1   |   0   |   0   |   0   |   0   |   0   |   0   |   0   |   2   |   1   |   1   |   1   |   1   |   0   | P3 p2 |
––––––––––––––––––––––––––––––––––––––––––––––––––––––––––––––––––––––––––––––––––––––––––––––––––––––––––––––––––––––––––––––––––––––––––––––––––––––––––
|   m1   |   0   |   0   |   0   |   1   |   1   |   0   |   0   | P4 p3 | P3 p3 |   0   |   0   |   0   |   0   |   0   |   0   |   0   |   0   |   0   |
––––––––––––––––––––––––––––––––––––––––––––––––––––––––––––––––––––––––––––––––––––––––––––––––––––––––––––––––––––––––––––––––––––––––––––––––––––––––––
|   n1   |   0   |   0   |   2   |   2   |   2   |   2   |   3   |   0   |   0   |   1   |   0   |   0   |   0   |   0   |   1   |   0   |   0   |   0   |
––––––––––––––––––––––––––––––––––––––––––––––––––––––––––––––––––––––––––––––––––––––––––––––––––––––––––––––––––––––––––––––––––––––––––––––––––––––––––
|   o1   |   0   |   0   |   1   |   0   |   1   |   1   |   1   |   0   |   0   |   1   |   0   | P5 p3 |   0   |   0   |   0   |   0   |   0   |   0   |
––––––––––––––––––––––––––––––––––––––––––––––––––––––––––––––––––––––––––––––––––––––––––––––––––––––––––––––––––––––––––––––––––––––––––––––––––––––––––
|   p1   |   0   |   0   |   0   |   1   |   1   |   0   |   1   |   2   |   0   |   2   |   0   |   0   |   0   |   0   |   0   |   2   |   0   |   0   |
––––––––––––––––––––––––––––––––––––––––––––––––––––––––––––––––––––––––––––––––––––––––––––––––––––––––––––––––––––––––––––––––––––––––––––––––––––––––––
|   q1   |   0   |   0   |   0   |   1   |   1   |   0   |   1   |   0   |   0   |   0   |   0   |   1   |   1   |   0   |   0   |   0   |   0   |   0   |
––––––––––––––––––––––––––––––––––––––––––––––––––––––––––––––––––––––––––––––––––––––––––––––––––––––––––––––––––––––––––––––––––––––––––––––––––––––––––
|   r1   |   0   |   0   |   0   |   0   |   0   |   0   |   0   |   2   |   1   |   1   |   0   |   0   |   0   |   0   |   0   |   0   |   0   |   0   |
––––––––––––––––––––––––––––––––––––––––––––––––––––––––––––––––––––––––––––––––––––––––––––––––––––––––––––––––––––––––––––––––––––––––––––––––––––––––––
|   s1   |   0   |   0   |   0   |   0   |   0   |   0   |   0   |   0   |   0   |   2   |   0   |   0   |   0   |   0   |   0   |   0   |   0   |   0   |
––––––––––––––––––––––––––––––––––––––––––––––––––––––––––––––––––––––––––––––––––––––––––––––––––––––––––––––––––––––––––––––––––––––––––––––––––––––––––
Pointer to penguins: 0x606c914b84d0
No moves available!
--- Runda 13 ---
Runner/a.txt
Expected dim: 19, 18
Generating new void board...
Map Dimensions found: 19 rows, 18 cols

--- Internal Check ---
00 00 00 00 00 02 00 01 00 00 00 00 00 00 00 00 00 00 
00 00 00 00 00 00 00 02 00 00 00 00 00 00 00 00 00 00 
00 00 00 00 00 00 00 01 01 01 03 02 01 00 00 00 00 00 
00 00 00 03 00 01 00 00 00 01 00 01 00 00 00 00 00 00 
00 00 00 00 00 00 00 00 00 01 00 01 01 00 00 00 02 00 
00 00 00 02 00 00 00 00 00 00 00 00 00 00 01 00 00 00 
00 00 00 01 00 00 00 00 00 01 00 00 00 00 00 00 00 00 
00 00 02 01 01 02 01 00 01 02 00 00 00 00 00 00 00 00 
00 01 00 00 01 00 01 00 00 00 00 01 00 00 00 00 00 01 
00 02 02 02 01 02 02 01 01 00 01 00 00 00 00 00 01 00 
00 00 02 01 01 01 00 00 00 00 00 00 00 00 00 01 01 00 
00 00 01 01 00 00 00 00 00 00 00 02 01 01 01 01 00 00 
00 00 00 01 01 00 00 00 00 00 00 00 00 00 00 00 00 00 
00 00 02 02 02 02 03 00 00 01 00 00 00 00 01 00 00 00 
00 00 01 00 01 01 01 00 00 01 00 00 00 00 00 00 00 00 
00 00 00 01 01 00 01 02 00 02 00 00 00 00 00 02 00 00 
00 00 00 01 01 00 01 00 00 00 00 01 01 00 00 00 00 00 
00 00 00 00 00 00 00 02 01 01 00 00 00 00 00 00 00 00 
00 00 00 00 00 00 00 00 00 02 00 00 00 00 00 00 00 00 

New scan: Name: GrupaPiotrKuba, Id: 1, Score 101
New scan: Name: Team-E, Id: 2, Score 36
New scan: Name: Sapko_kebab_gamig, Id: 3, Score 57
New scan: Name: Pengwings, Id: 4, Score 53
New scan: Name: Pingwiniarze, Id: 5, Score 17
Successfully loaded 5 players.
Displaying the board.

         |  A1   |  B1   |  C1   |  D1   |  E1   |  F1   |  G1   |  H1   |  I1   |  J1   |  K1   |  L1   |  M1   |  N1   |  O1   |  P1   |  Q1   |  R1   |
––––––––––––––––––––––––––––––––––––––––––––––––––––––––––––––––––––––––––––––––––––––––––––––––––––––––––––––––––––––––––––––––––––––––––––––––––––––––––
|   a1   |   0   |   0   |   0   |   0   |   0   |   2   | P1 p1 |   1   |   0   |   0   |   0   |   0   |   0   |   0   |   0   |   0   |   0   |   0   |
––––––––––––––––––––––––––––––––––––––––––––––––––––––––––––––––––––––––––––––––––––––––––––––––––––––––––––––––––––––––––––––––––––––––––––––––––––––––––
|   b1   |   0   |   0   |   0   |   0   |   0   |   0   |   0   |   2   |   0   |   0   |   0   |   0   |   0   |   0   |   0   |   0   |   0   |   0   |
––––––––––––––––––––––––––––––––––––––––––––––––––––––––––––––––––––––––––––––––––––––––––––––––––––––––––––––––––––––––––––––––––––––––––––––––––––––––––
|   c1   |   0   |   0   |   0   |   0   |   0   |   0   |   0   |   1   |   1   |   1   |   3   |   2   |   1   |   0   |   0   |   0   |   0   |   0   |
––––––––––––––––––––––––––––––––––––––––––––––––––––––––––––––––––––––––––––––––––––––––––––––––––––––––––––––––––––––––––––––––––––––––––––––––––––––––––
|   d1   |   0   |   0   |   0   |   3   |   0   |   1   |   0   |   0   | P1 p2 |   1   |   0   |   1   |   0   | P2 p1 |   0   |   0   |   0   |   0   |
––––––––––––––––––––––––––––––––––––––––––––––––––––––––––––––––––––––––––––––––––––––––––––––––––––––––––––––––––––––––––––––––––––––––––––––––––––––––––
|   e1   |   0   |   0   |   0   |   0   | P5 p1 |   0   |   0   |   0   |   0   |   1   |   0   |   1   |   1   |   0   |   0   |   0   |   2   |   0   |
––––––––––––––––––––––––––––––––––––––––––––––––––––––––––––––––––––––––––––––––––––––––––––––––––––––––––––––––––––––––––––––––––––––––––––––––––––––––––
|   f1   |   0   |   0   |   0   |   2   |   0   |   0   |   0   | P5 p2 |   0   |   0   |   0   |   0   |   0   |   0   |   1   |   0   |   0   |   0   |
––––––––––––––––––––––––––––––––––––––––––––––––––––––––––––––––––––––––––––––––––––––––––––––––––––––––––––––––––––––––––––––––––––––––––––––––––––––––––
|   g1   |   0   |   0   |   0   |   1   |   0   |   0   |   0   |   0   |   0   |   1   |   0   |   0   |   0   |   0   |   0   |   0   |   0   | P2 p2 |
––––––––––––––––––––––––––––––––––––––––––––––––––––––––––––––––––––––––––––––––––––––––––––––––––––––––––––––––––––––––––––––––––––––––––––––––––––––––––
|   h1   |   0   |   0   |   2   |   1   |   1   |   2   |   1   |   0   |   1   |   2   |   0   |   0   | P4 p1 |   0   |   0   |   0   |   0   |   0   |
––––––––––––––––––––––––––––––––––––––––––––––––––––––––––––––––––––––––––––––––––––––––––––––––––––––––––––––––––––––––––––––––––––––––––––––––––––––––––
|   i1   |   0   |   1   |   0   |   0   |   1   |   0   |   1   |   0   |   0   |   0   |   0   |   1   |   0   |   0   |   0   | P3 p1 |   0   |   1   |
––––––––––––––––––––––––––––––––––––––––––––––––––––––––––––––––––––––––––––––––––––––––––––––––––––––––––––––––––––––––––––––––––––––––––––––––––––––––––
|   j1   |   0   |   2   |   2   |   2   |   1   |   2   |   2   |   1   |   1   |   0   |   1   |   0   |   0   |   0   | P2 p3 |   0   |   1   |   0   |
––––––––––––––––––––––––––––––––––––––––––––––––––––––––––––––––––––––––––––––––––––––––––––––––––––––––––––––––––––––––––––––––––––––––––––––––––––––––––
|   k1   |   0   |   0   |   2   |   1   |   1   |   1   |   0   |   0   |   0   | P4 p2 |   0   | P1 p3 |   0   |   0   |   0   |   1   |   1   |   0   |
––––––––––––––––––––––––––––––––––––––––––––––––––––––––––––––––––––––––––––––––––––––––––––––––––––––––––––––––––––––––––––––––––––––––––––––––––––––––––
|   l1   |   0   |   0   |   1   |   1   |   0   |   0   |   0   |   0   |   0   |   0   |   0   |   2   |   1   |   1   |   1   |   1   |   0   | P3 p2 |
––––––––––––––––––––––––––––––––––––––––––––––––––––––––––––––––––––––––––––––––––––––––––––––––––––––––––––––––––––––––––––––––––––––––––––––––––––––––––
|   m1   |   0   |   0   |   0   |   1   |   1   |   0   |   0   | P4 p3 | P3 p3 |   0   |   0   |   0   |   0   |   0   |   0   |   0   |   0   |   0   |
––––––––––––––––––––––––––––––––––––––––––––––––––––––––––––––––––––––––––––––––––––––––––––––––––––––––––––––––––––––––––––––––––––––––––––––––––––––––––
|   n1   |   0   |   0   |   2   |   2   |   2   |   2   |   3   |   0   |   0   |   1   |   0   |   0   |   0   |   0   |   1   |   0   |   0   |   0   |
––––––––––––––––––––––––––––––––––––––––––––––––––––––––––––––––––––––––––––––––––––––––––––––––––––––––––––––––––––––––––––––––––––––––––––––––––––––––––
|   o1   |   0   |   0   |   1   |   0   |   1   |   1   |   1   |   0   |   0   |   1   |   0   | P5 p3 |   0   |   0   |   0   |   0   |   0   |   0   |
––––––––––––––––––––––––––––––––––––––––––––––––––––––––––––––––––––––––––––––––––––––––––––––––––––––––––––––––––––––––––––––––––––––––––––––––––––––––––
|   p1   |   0   |   0   |   0   |   1   |   1   |   0   |   1   |   2   |   0   |   2   |   0   |   0   |   0   |   0   |   0   |   2   |   0   |   0   |
––––––––––––––––––––––––––––––––––––––––––––––––––––––––––––––––––––––––––––––––––––––––––––––––––––––––––––––––––––––––––––––––––––––––––––––––––––––––––
|   q1   |   0   |   0   |   0   |   1   |   1   |   0   |   1   |   0   |   0   |   0   |   0   |   1   |   1   |   0   |   0   |   0   |   0   |   0   |
––––––––––––––––––––––––––––––––––––––––––––––––––––––––––––––––––––––––––––––––––––––––––––––––––––––––––––––––––––––––––––––––––––––––––––––––––––––––––
|   r1   |   0   |   0   |   0   |   0   |   0   |   0   |   0   |   2   |   1   |   1   |   0   |   0   |   0   |   0   |   0   |   0   |   0   |   0   |
––––––––––––––––––––––––––––––––––––––––––––––––––––––––––––––––––––––––––––––––––––––––––––––––––––––––––––––––––––––––––––––––––––––––––––––––––––––––––
|   s1   |   0   |   0   |   0   |   0   |   0   |   0   |   0   |   0   |   0   |   2   |   0   |   0   |   0   |   0   |   0   |   0   |   0   |   0   |
––––––––––––––––––––––––––––––––––––––––––––––––––––––––––––––––––––––––––––––––––––––––––––––––––––––––––––––––––––––––––––––––––––––––––––––––––––––––––
Pointer to penguins: 0x55dc141924d0
No moves available!
--- Runda 14 ---
Runner/a.txt
Expected dim: 19, 18
Generating new void board...
Map Dimensions found: 19 rows, 18 cols

--- Internal Check ---
00 00 00 00 00 02 00 01 00 00 00 00 00 00 00 00 00 00 
00 00 00 00 00 00 00 02 00 00 00 00 00 00 00 00 00 00 
00 00 00 00 00 00 00 01 01 01 03 02 01 00 00 00 00 00 
00 00 00 03 00 01 00 00 00 01 00 01 00 00 00 00 00 00 
00 00 00 00 00 00 00 00 00 01 00 01 01 00 00 00 02 00 
00 00 00 02 00 00 00 00 00 00 00 00 00 00 01 00 00 00 
00 00 00 01 00 00 00 00 00 01 00 00 00 00 00 00 00 00 
00 00 02 01 01 02 01 00 01 02 00 00 00 00 00 00 00 00 
00 01 00 00 01 00 01 00 00 00 00 01 00 00 00 00 00 01 
00 02 02 02 01 02 02 01 01 00 01 00 00 00 00 00 01 00 
00 00 02 01 01 01 00 00 00 00 00 00 00 00 00 01 01 00 
00 00 01 01 00 00 00 00 00 00 00 02 01 01 01 01 00 00 
00 00 00 01 01 00 00 00 00 00 00 00 00 00 00 00 00 00 
00 00 02 02 02 02 03 00 00 01 00 00 00 00 01 00 00 00 
00 00 01 00 01 01 01 00 00 01 00 00 00 00 00 00 00 00 
00 00 00 01 01 00 01 02 00 02 00 00 00 00 00 02 00 00 
00 00 00 01 01 00 01 00 00 00 00 01 01 00 00 00 00 00 
00 00 00 00 00 00 00 02 01 01 00 00 00 00 00 00 00 00 
00 00 00 00 00 00 00 00 00 02 00 00 00 00 00 00 00 00 

New scan: Name: GrupaPiotrKuba, Id: 1, Score 101
New scan: Name: Team-E, Id: 2, Score 36
New scan: Name: Sapko_kebab_gamig, Id: 3, Score 57
New scan: Name: Pengwings, Id: 4, Score 53
New scan: Name: Pingwiniarze, Id: 5, Score 17
Successfully loaded 5 players.
Displaying the board.

         |  A1   |  B1   |  C1   |  D1   |  E1   |  F1   |  G1   |  H1   |  I1   |  J1   |  K1   |  L1   |  M1   |  N1   |  O1   |  P1   |  Q1   |  R1   |
––––––––––––––––––––––––––––––––––––––––––––––––––––––––––––––––––––––––––––––––––––––––––––––––––––––––––––––––––––––––––––––––––––––––––––––––––––––––––
|   a1   |   0   |   0   |   0   |   0   |   0   |   2   | P1 p1 |   1   |   0   |   0   |   0   |   0   |   0   |   0   |   0   |   0   |   0   |   0   |
––––––––––––––––––––––––––––––––––––––––––––––––––––––––––––––––––––––––––––––––––––––––––––––––––––––––––––––––––––––––––––––––––––––––––––––––––––––––––
|   b1   |   0   |   0   |   0   |   0   |   0   |   0   |   0   |   2   |   0   |   0   |   0   |   0   |   0   |   0   |   0   |   0   |   0   |   0   |
––––––––––––––––––––––––––––––––––––––––––––––––––––––––––––––––––––––––––––––––––––––––––––––––––––––––––––––––––––––––––––––––––––––––––––––––––––––––––
|   c1   |   0   |   0   |   0   |   0   |   0   |   0   |   0   |   1   |   1   |   1   |   3   |   2   |   1   |   0   |   0   |   0   |   0   |   0   |
––––––––––––––––––––––––––––––––––––––––––––––––––––––––––––––––––––––––––––––––––––––––––––––––––––––––––––––––––––––––––––––––––––––––––––––––––––––––––
|   d1   |   0   |   0   |   0   |   3   |   0   |   1   |   0   |   0   | P1 p2 |   1   |   0   |   1   |   0   | P2 p1 |   0   |   0   |   0   |   0   |
––––––––––––––––––––––––––––––––––––––––––––––––––––––––––––––––––––––––––––––––––––––––––––––––––––––––––––––––––––––––––––––––––––––––––––––––––––––––––
|   e1   |   0   |   0   |   0   |   0   | P5 p1 |   0   |   0   |   0   |   0   |   1   |   0   |   1   |   1   |   0   |   0   |   0   |   2   |   0   |
––––––––––––––––––––––––––––––––––––––––––––––––––––––––––––––––––––––––––––––––––––––––––––––––––––––––––––––––––––––––––––––––––––––––––––––––––––––––––
|   f1   |   0   |   0   |   0   |   2   |   0   |   0   |   0   | P5 p2 |   0   |   0   |   0   |   0   |   0   |   0   |   1   |   0   |   0   |   0   |
––––––––––––––––––––––––––––––––––––––––––––––––––––––––––––––––––––––––––––––––––––––––––––––––––––––––––––––––––––––––––––––––––––––––––––––––––––––––––
|   g1   |   0   |   0   |   0   |   1   |   0   |   0   |   0   |   0   |   0   |   1   |   0   |   0   |   0   |   0   |   0   |   0   |   0   | P2 p2 |
––––––––––––––––––––––––––––––––––––––––––––––––––––––––––––––––––––––––––––––––––––––––––––––––––––––––––––––––––––––––––––––––––––––––––––––––––––––––––
|   h1   |   0   |   0   |   2   |   1   |   1   |   2   |   1   |   0   |   1   |   2   |   0   |   0   | P4 p1 |   0   |   0   |   0   |   0   |   0   |
––––––––––––––––––––––––––––––––––––––––––––––––––––––––––––––––––––––––––––––––––––––––––––––––––––––––––––––––––––––––––––––––––––––––––––––––––––––––––
|   i1   |   0   |   1   |   0   |   0   |   1   |   0   |   1   |   0   |   0   |   0   |   0   |   1   |   0   |   0   |   0   | P3 p1 |   0   |   1   |
––––––––––––––––––––––––––––––––––––––––––––––––––––––––––––––––––––––––––––––––––––––––––––––––––––––––––––––––––––––––––––––––––––––––––––––––––––––––––
|   j1   |   0   |   2   |   2   |   2   |   1   |   2   |   2   |   1   |   1   |   0   |   1   |   0   |   0   |   0   | P2 p3 |   0   |   1   |   0   |
––––––––––––––––––––––––––––––––––––––––––––––––––––––––––––––––––––––––––––––––––––––––––––––––––––––––––––––––––––––––––––––––––––––––––––––––––––––––––
|   k1   |   0   |   0   |   2   |   1   |   1   |   1   |   0   |   0   |   0   | P4 p2 |   0   | P1 p3 |   0   |   0   |   0   |   1   |   1   |   0   |
––––––––––––––––––––––––––––––––––––––––––––––––––––––––––––––––––––––––––––––––––––––––––––––––––––––––––––––––––––––––––––––––––––––––––––––––––––––––––
|   l1   |   0   |   0   |   1   |   1   |   0   |   0   |   0   |   0   |   0   |   0   |   0   |   2   |   1   |   1   |   1   |   1   |   0   | P3 p2 |
––––––––––––––––––––––––––––––––––––––––––––––––––––––––––––––––––––––––––––––––––––––––––––––––––––––––––––––––––––––––––––––––––––––––––––––––––––––––––
|   m1   |   0   |   0   |   0   |   1   |   1   |   0   |   0   | P4 p3 | P3 p3 |   0   |   0   |   0   |   0   |   0   |   0   |   0   |   0   |   0   |
––––––––––––––––––––––––––––––––––––––––––––––––––––––––––––––––––––––––––––––––––––––––––––––––––––––––––––––––––––––––––––––––––––––––––––––––––––––––––
|   n1   |   0   |   0   |   2   |   2   |   2   |   2   |   3   |   0   |   0   |   1   |   0   |   0   |   0   |   0   |   1   |   0   |   0   |   0   |
––––––––––––––––––––––––––––––––––––––––––––––––––––––––––––––––––––––––––––––––––––––––––––––––––––––––––––––––––––––––––––––––––––––––––––––––––––––––––
|   o1   |   0   |   0   |   1   |   0   |   1   |   1   |   1   |   0   |   0   |   1   |   0   | P5 p3 |   0   |   0   |   0   |   0   |   0   |   0   |
––––––––––––––––––––––––––––––––––––––––––––––––––––––––––––––––––––––––––––––––––––––––––––––––––––––––––––––––––––––––––––––––––––––––––––––––––––––––––
|   p1   |   0   |   0   |   0   |   1   |   1   |   0   |   1   |   2   |   0   |   2   |   0   |   0   |   0   |   0   |   0   |   2   |   0   |   0   |
––––––––––––––––––––––––––––––––––––––––––––––––––––––––––––––––––––––––––––––––––––––––––––––––––––––––––––––––––––––––––––––––––––––––––––––––––––––––––
|   q1   |   0   |   0   |   0   |   1   |   1   |   0   |   1   |   0   |   0   |   0   |   0   |   1   |   1   |   0   |   0   |   0   |   0   |   0   |
––––––––––––––––––––––––––––––––––––––––––––––––––––––––––––––––––––––––––––––––––––––––––––––––––––––––––––––––––––––––––––––––––––––––––––––––––––––––––
|   r1   |   0   |   0   |   0   |   0   |   0   |   0   |   0   |   2   |   1   |   1   |   0   |   0   |   0   |   0   |   0   |   0   |   0   |   0   |
––––––––––––––––––––––––––––––––––––––––––––––––––––––––––––––––––––––––––––––––––––––––––––––––––––––––––––––––––––––––––––––––––––––––––––––––––––––––––
|   s1   |   0   |   0   |   0   |   0   |   0   |   0   |   0   |   0   |   0   |   2   |   0   |   0   |   0   |   0   |   0   |   0   |   0   |   0   |
––––––––––––––––––––––––––––––––––––––––––––––––––––––––––––––––––––––––––––––––––––––––––––––––––––––––––––––––––––––––––––––––––––––––––––––––––––––––––
Pointer to penguins: 0x6540719ff4d0
No moves available!
--- Runda 15 ---
Runner/a.txt
Expected dim: 19, 18
Generating new void board...
Map Dimensions found: 19 rows, 18 cols

--- Internal Check ---
00 00 00 00 00 02 00 01 00 00 00 00 00 00 00 00 00 00 
00 00 00 00 00 00 00 02 00 00 00 00 00 00 00 00 00 00 
00 00 00 00 00 00 00 01 01 01 03 02 01 00 00 00 00 00 
00 00 00 03 00 01 00 00 00 01 00 01 00 00 00 00 00 00 
00 00 00 00 00 00 00 00 00 01 00 01 01 00 00 00 02 00 
00 00 00 02 00 00 00 00 00 00 00 00 00 00 01 00 00 00 
00 00 00 01 00 00 00 00 00 01 00 00 00 00 00 00 00 00 
00 00 02 01 01 02 01 00 01 02 00 00 00 00 00 00 00 00 
00 01 00 00 01 00 01 00 00 00 00 01 00 00 00 00 00 01 
00 02 02 02 01 02 02 01 01 00 01 00 00 00 00 00 01 00 
00 00 02 01 01 01 00 00 00 00 00 00 00 00 00 01 01 00 
00 00 01 01 00 00 00 00 00 00 00 02 01 01 01 01 00 00 
00 00 00 01 01 00 00 00 00 00 00 00 00 00 00 00 00 00 
00 00 02 02 02 02 03 00 00 01 00 00 00 00 01 00 00 00 
00 00 01 00 01 01 01 00 00 01 00 00 00 00 00 00 00 00 
00 00 00 01 01 00 01 02 00 02 00 00 00 00 00 02 00 00 
00 00 00 01 01 00 01 00 00 00 00 01 01 00 00 00 00 00 
00 00 00 00 00 00 00 02 01 01 00 00 00 00 00 00 00 00 
00 00 00 00 00 00 00 00 00 02 00 00 00 00 00 00 00 00 

New scan: Name: GrupaPiotrKuba, Id: 1, Score 101
New scan: Name: Team-E, Id: 2, Score 36
New scan: Name: Sapko_kebab_gamig, Id: 3, Score 57
New scan: Name: Pengwings, Id: 4, Score 53
New scan: Name: Pingwiniarze, Id: 5, Score 17
Successfully loaded 5 players.
Displaying the board.

         |  A1   |  B1   |  C1   |  D1   |  E1   |  F1   |  G1   |  H1   |  I1   |  J1   |  K1   |  L1   |  M1   |  N1   |  O1   |  P1   |  Q1   |  R1   |
––––––––––––––––––––––––––––––––––––––––––––––––––––––––––––––––––––––––––––––––––––––––––––––––––––––––––––––––––––––––––––––––––––––––––––––––––––––––––
|   a1   |   0   |   0   |   0   |   0   |   0   |   2   | P1 p1 |   1   |   0   |   0   |   0   |   0   |   0   |   0   |   0   |   0   |   0   |   0   |
––––––––––––––––––––––––––––––––––––––––––––––––––––––––––––––––––––––––––––––––––––––––––––––––––––––––––––––––––––––––––––––––––––––––––––––––––––––––––
|   b1   |   0   |   0   |   0   |   0   |   0   |   0   |   0   |   2   |   0   |   0   |   0   |   0   |   0   |   0   |   0   |   0   |   0   |   0   |
––––––––––––––––––––––––––––––––––––––––––––––––––––––––––––––––––––––––––––––––––––––––––––––––––––––––––––––––––––––––––––––––––––––––––––––––––––––––––
|   c1   |   0   |   0   |   0   |   0   |   0   |   0   |   0   |   1   |   1   |   1   |   3   |   2   |   1   |   0   |   0   |   0   |   0   |   0   |
––––––––––––––––––––––––––––––––––––––––––––––––––––––––––––––––––––––––––––––––––––––––––––––––––––––––––––––––––––––––––––––––––––––––––––––––––––––––––
|   d1   |   0   |   0   |   0   |   3   |   0   |   1   |   0   |   0   | P1 p2 |   1   |   0   |   1   |   0   | P2 p1 |   0   |   0   |   0   |   0   |
––––––––––––––––––––––––––––––––––––––––––––––––––––––––––––––––––––––––––––––––––––––––––––––––––––––––––––––––––––––––––––––––––––––––––––––––––––––––––
|   e1   |   0   |   0   |   0   |   0   | P5 p1 |   0   |   0   |   0   |   0   |   1   |   0   |   1   |   1   |   0   |   0   |   0   |   2   |   0   |
––––––––––––––––––––––––––––––––––––––––––––––––––––––––––––––––––––––––––––––––––––––––––––––––––––––––––––––––––––––––––––––––––––––––––––––––––––––––––
|   f1   |   0   |   0   |   0   |   2   |   0   |   0   |   0   | P5 p2 |   0   |   0   |   0   |   0   |   0   |   0   |   1   |   0   |   0   |   0   |
––––––––––––––––––––––––––––––––––––––––––––––––––––––––––––––––––––––––––––––––––––––––––––––––––––––––––––––––––––––––––––––––––––––––––––––––––––––––––
|   g1   |   0   |   0   |   0   |   1   |   0   |   0   |   0   |   0   |   0   |   1   |   0   |   0   |   0   |   0   |   0   |   0   |   0   | P2 p2 |
––––––––––––––––––––––––––––––––––––––––––––––––––––––––––––––––––––––––––––––––––––––––––––––––––––––––––––––––––––––––––––––––––––––––––––––––––––––––––
|   h1   |   0   |   0   |   2   |   1   |   1   |   2   |   1   |   0   |   1   |   2   |   0   |   0   | P4 p1 |   0   |   0   |   0   |   0   |   0   |
––––––––––––––––––––––––––––––––––––––––––––––––––––––––––––––––––––––––––––––––––––––––––––––––––––––––––––––––––––––––––––––––––––––––––––––––––––––––––
|   i1   |   0   |   1   |   0   |   0   |   1   |   0   |   1   |   0   |   0   |   0   |   0   |   1   |   0   |   0   |   0   | P3 p1 |   0   |   1   |
––––––––––––––––––––––––––––––––––––––––––––––––––––––––––––––––––––––––––––––––––––––––––––––––––––––––––––––––––––––––––––––––––––––––––––––––––––––––––
|   j1   |   0   |   2   |   2   |   2   |   1   |   2   |   2   |   1   |   1   |   0   |   1   |   0   |   0   |   0   | P2 p3 |   0   |   1   |   0   |
––––––––––––––––––––––––––––––––––––––––––––––––––––––––––––––––––––––––––––––––––––––––––––––––––––––––––––––––––––––––––––––––––––––––––––––––––––––––––
|   k1   |   0   |   0   |   2   |   1   |   1   |   1   |   0   |   0   |   0   | P4 p2 |   0   | P1 p3 |   0   |   0   |   0   |   1   |   1   |   0   |
––––––––––––––––––––––––––––––––––––––––––––––––––––––––––––––––––––––––––––––––––––––––––––––––––––––––––––––––––––––––––––––––––––––––––––––––––––––––––
|   l1   |   0   |   0   |   1   |   1   |   0   |   0   |   0   |   0   |   0   |   0   |   0   |   2   |   1   |   1   |   1   |   1   |   0   | P3 p2 |
––––––––––––––––––––––––––––––––––––––––––––––––––––––––––––––––––––––––––––––––––––––––––––––––––––––––––––––––––––––––––––––––––––––––––––––––––––––––––
|   m1   |   0   |   0   |   0   |   1   |   1   |   0   |   0   | P4 p3 | P3 p3 |   0   |   0   |   0   |   0   |   0   |   0   |   0   |   0   |   0   |
––––––––––––––––––––––––––––––––––––––––––––––––––––––––––––––––––––––––––––––––––––––––––––––––––––––––––––––––––––––––––––––––––––––––––––––––––––––––––
|   n1   |   0   |   0   |   2   |   2   |   2   |   2   |   3   |   0   |   0   |   1   |   0   |   0   |   0   |   0   |   1   |   0   |   0   |   0   |
––––––––––––––––––––––––––––––––––––––––––––––––––––––––––––––––––––––––––––––––––––––––––––––––––––––––––––––––––––––––––––––––––––––––––––––––––––––––––
|   o1   |   0   |   0   |   1   |   0   |   1   |   1   |   1   |   0   |   0   |   1   |   0   | P5 p3 |   0   |   0   |   0   |   0   |   0   |   0   |
––––––––––––––––––––––––––––––––––––––––––––––––––––––––––––––––––––––––––––––––––––––––––––––––––––––––––––––––––––––––––––––––––––––––––––––––––––––––––
|   p1   |   0   |   0   |   0   |   1   |   1   |   0   |   1   |   2   |   0   |   2   |   0   |   0   |   0   |   0   |   0   |   2   |   0   |   0   |
––––––––––––––––––––––––––––––––––––––––––––––––––––––––––––––––––––––––––––––––––––––––––––––––––––––––––––––––––––––––––––––––––––––––––––––––––––––––––
|   q1   |   0   |   0   |   0   |   1   |   1   |   0   |   1   |   0   |   0   |   0   |   0   |   1   |   1   |   0   |   0   |   0   |   0   |   0   |
––––––––––––––––––––––––––––––––––––––––––––––––––––––––––––––––––––––––––––––––––––––––––––––––––––––––––––––––––––––––––––––––––––––––––––––––––––––––––
|   r1   |   0   |   0   |   0   |   0   |   0   |   0   |   0   |   2   |   1   |   1   |   0   |   0   |   0   |   0   |   0   |   0   |   0   |   0   |
––––––––––––––––––––––––––––––––––––––––––––––––––––––––––––––––––––––––––––––––––––––––––––––––––––––––––––––––––––––––––––––––––––––––––––––––––––––––––
|   s1   |   0   |   0   |   0   |   0   |   0   |   0   |   0   |   0   |   0   |   2   |   0   |   0   |   0   |   0   |   0   |   0   |   0   |   0   |
––––––––––––––––––––––––––––––––––––––––––––––––––––––––––––––––––––––––––––––––––––––––––––––––––––––––––––––––––––––––––––––––––––––––––––––––––––––––––
Pointer to penguins: 0x589e33c6f4d0
No moves available!
--- Runda 16 ---
Runner/a.txt
Expected dim: 19, 18
Generating new void board...
Map Dimensions found: 19 rows, 18 cols

--- Internal Check ---
00 00 00 00 00 02 00 01 00 00 00 00 00 00 00 00 00 00 
00 00 00 00 00 00 00 02 00 00 00 00 00 00 00 00 00 00 
00 00 00 00 00 00 00 01 01 01 03 02 01 00 00 00 00 00 
00 00 00 03 00 01 00 00 00 01 00 01 00 00 00 00 00 00 
00 00 00 00 00 00 00 00 00 01 00 01 01 00 00 00 02 00 
00 00 00 02 00 00 00 00 00 00 00 00 00 00 01 00 00 00 
00 00 00 01 00 00 00 00 00 01 00 00 00 00 00 00 00 00 
00 00 02 01 01 02 01 00 01 02 00 00 00 00 00 00 00 00 
00 01 00 00 01 00 01 00 00 00 00 01 00 00 00 00 00 01 
00 02 02 02 01 02 02 01 01 00 01 00 00 00 00 00 01 00 
00 00 02 01 01 01 00 00 00 00 00 00 00 00 00 01 01 00 
00 00 01 01 00 00 00 00 00 00 00 02 01 01 01 01 00 00 
00 00 00 01 01 00 00 00 00 00 00 00 00 00 00 00 00 00 
00 00 02 02 02 02 03 00 00 01 00 00 00 00 01 00 00 00 
00 00 01 00 01 01 01 00 00 01 00 00 00 00 00 00 00 00 
00 00 00 01 01 00 01 02 00 02 00 00 00 00 00 02 00 00 
00 00 00 01 01 00 01 00 00 00 00 01 01 00 00 00 00 00 
00 00 00 00 00 00 00 02 01 01 00 00 00 00 00 00 00 00 
00 00 00 00 00 00 00 00 00 02 00 00 00 00 00 00 00 00 

New scan: Name: GrupaPiotrKuba, Id: 1, Score 101
New scan: Name: Team-E, Id: 2, Score 36
New scan: Name: Sapko_kebab_gamig, Id: 3, Score 57
New scan: Name: Pengwings, Id: 4, Score 53
New scan: Name: Pingwiniarze, Id: 5, Score 17
Successfully loaded 5 players.
Displaying the board.

         |  A1   |  B1   |  C1   |  D1   |  E1   |  F1   |  G1   |  H1   |  I1   |  J1   |  K1   |  L1   |  M1   |  N1   |  O1   |  P1   |  Q1   |  R1   |
––––––––––––––––––––––––––––––––––––––––––––––––––––––––––––––––––––––––––––––––––––––––––––––––––––––––––––––––––––––––––––––––––––––––––––––––––––––––––
|   a1   |   0   |   0   |   0   |   0   |   0   |   2   | P1 p1 |   1   |   0   |   0   |   0   |   0   |   0   |   0   |   0   |   0   |   0   |   0   |
––––––––––––––––––––––––––––––––––––––––––––––––––––––––––––––––––––––––––––––––––––––––––––––––––––––––––––––––––––––––––––––––––––––––––––––––––––––––––
|   b1   |   0   |   0   |   0   |   0   |   0   |   0   |   0   |   2   |   0   |   0   |   0   |   0   |   0   |   0   |   0   |   0   |   0   |   0   |
––––––––––––––––––––––––––––––––––––––––––––––––––––––––––––––––––––––––––––––––––––––––––––––––––––––––––––––––––––––––––––––––––––––––––––––––––––––––––
|   c1   |   0   |   0   |   0   |   0   |   0   |   0   |   0   |   1   |   1   |   1   |   3   |   2   |   1   |   0   |   0   |   0   |   0   |   0   |
––––––––––––––––––––––––––––––––––––––––––––––––––––––––––––––––––––––––––––––––––––––––––––––––––––––––––––––––––––––––––––––––––––––––––––––––––––––––––
|   d1   |   0   |   0   |   0   |   3   |   0   |   1   |   0   |   0   | P1 p2 |   1   |   0   |   1   |   0   | P2 p1 |   0   |   0   |   0   |   0   |
––––––––––––––––––––––––––––––––––––––––––––––––––––––––––––––––––––––––––––––––––––––––––––––––––––––––––––––––––––––––––––––––––––––––––––––––––––––––––
|   e1   |   0   |   0   |   0   |   0   | P5 p1 |   0   |   0   |   0   |   0   |   1   |   0   |   1   |   1   |   0   |   0   |   0   |   2   |   0   |
––––––––––––––––––––––––––––––––––––––––––––––––––––––––––––––––––––––––––––––––––––––––––––––––––––––––––––––––––––––––––––––––––––––––––––––––––––––––––
|   f1   |   0   |   0   |   0   |   2   |   0   |   0   |   0   | P5 p2 |   0   |   0   |   0   |   0   |   0   |   0   |   1   |   0   |   0   |   0   |
––––––––––––––––––––––––––––––––––––––––––––––––––––––––––––––––––––––––––––––––––––––––––––––––––––––––––––––––––––––––––––––––––––––––––––––––––––––––––
|   g1   |   0   |   0   |   0   |   1   |   0   |   0   |   0   |   0   |   0   |   1   |   0   |   0   |   0   |   0   |   0   |   0   |   0   | P2 p2 |
––––––––––––––––––––––––––––––––––––––––––––––––––––––––––––––––––––––––––––––––––––––––––––––––––––––––––––––––––––––––––––––––––––––––––––––––––––––––––
|   h1   |   0   |   0   |   2   |   1   |   1   |   2   |   1   |   0   |   1   |   2   |   0   |   0   | P4 p1 |   0   |   0   |   0   |   0   |   0   |
––––––––––––––––––––––––––––––––––––––––––––––––––––––––––––––––––––––––––––––––––––––––––––––––––––––––––––––––––––––––––––––––––––––––––––––––––––––––––
|   i1   |   0   |   1   |   0   |   0   |   1   |   0   |   1   |   0   |   0   |   0   |   0   |   1   |   0   |   0   |   0   | P3 p1 |   0   |   1   |
––––––––––––––––––––––––––––––––––––––––––––––––––––––––––––––––––––––––––––––––––––––––––––––––––––––––––––––––––––––––––––––––––––––––––––––––––––––––––
|   j1   |   0   |   2   |   2   |   2   |   1   |   2   |   2   |   1   |   1   |   0   |   1   |   0   |   0   |   0   | P2 p3 |   0   |   1   |   0   |
––––––––––––––––––––––––––––––––––––––––––––––––––––––––––––––––––––––––––––––––––––––––––––––––––––––––––––––––––––––––––––––––––––––––––––––––––––––––––
|   k1   |   0   |   0   |   2   |   1   |   1   |   1   |   0   |   0   |   0   | P4 p2 |   0   | P1 p3 |   0   |   0   |   0   |   1   |   1   |   0   |
––––––––––––––––––––––––––––––––––––––––––––––––––––––––––––––––––––––––––––––––––––––––––––––––––––––––––––––––––––––––––––––––––––––––––––––––––––––––––
|   l1   |   0   |   0   |   1   |   1   |   0   |   0   |   0   |   0   |   0   |   0   |   0   |   2   |   1   |   1   |   1   |   1   |   0   | P3 p2 |
––––––––––––––––––––––––––––––––––––––––––––––––––––––––––––––––––––––––––––––––––––––––––––––––––––––––––––––––––––––––––––––––––––––––––––––––––––––––––
|   m1   |   0   |   0   |   0   |   1   |   1   |   0   |   0   | P4 p3 | P3 p3 |   0   |   0   |   0   |   0   |   0   |   0   |   0   |   0   |   0   |
––––––––––––––––––––––––––––––––––––––––––––––––––––––––––––––––––––––––––––––––––––––––––––––––––––––––––––––––––––––––––––––––––––––––––––––––––––––––––
|   n1   |   0   |   0   |   2   |   2   |   2   |   2   |   3   |   0   |   0   |   1   |   0   |   0   |   0   |   0   |   1   |   0   |   0   |   0   |
––––––––––––––––––––––––––––––––––––––––––––––––––––––––––––––––––––––––––––––––––––––––––––––––––––––––––––––––––––––––––––––––––––––––––––––––––––––––––
|   o1   |   0   |   0   |   1   |   0   |   1   |   1   |   1   |   0   |   0   |   1   |   0   | P5 p3 |   0   |   0   |   0   |   0   |   0   |   0   |
––––––––––––––––––––––––––––––––––––––––––––––––––––––––––––––––––––––––––––––––––––––––––––––––––––––––––––––––––––––––––––––––––––––––––––––––––––––––––
|   p1   |   0   |   0   |   0   |   1   |   1   |   0   |   1   |   2   |   0   |   2   |   0   |   0   |   0   |   0   |   0   |   2   |   0   |   0   |
––––––––––––––––––––––––––––––––––––––––––––––––––––––––––––––––––––––––––––––––––––––––––––––––––––––––––––––––––––––––––––––––––––––––––––––––––––––––––
|   q1   |   0   |   0   |   0   |   1   |   1   |   0   |   1   |   0   |   0   |   0   |   0   |   1   |   1   |   0   |   0   |   0   |   0   |   0   |
––––––––––––––––––––––––––––––––––––––––––––––––––––––––––––––––––––––––––––––––––––––––––––––––––––––––––––––––––––––––––––––––––––––––––––––––––––––––––
|   r1   |   0   |   0   |   0   |   0   |   0   |   0   |   0   |   2   |   1   |   1   |   0   |   0   |   0   |   0   |   0   |   0   |   0   |   0   |
––––––––––––––––––––––––––––––––––––––––––––––––––––––––––––––––––––––––––––––––––––––––––––––––––––––––––––––––––––––––––––––––––––––––––––––––––––––––––
|   s1   |   0   |   0   |   0   |   0   |   0   |   0   |   0   |   0   |   0   |   2   |   0   |   0   |   0   |   0   |   0   |   0   |   0   |   0   |
––––––––––––––––––––––––––––––––––––––––––––––––––––––––––––––––––––––––––––––––––––––––––––––––––––––––––––––––––––––––––––––––––––––––––––––––––––––––––
Pointer to penguins: 0x5fb9d60834d0
No moves available!
--- Runda 17 ---
Runner/a.txt
Expected dim: 19, 18
Generating new void board...
Map Dimensions found: 19 rows, 18 cols

--- Internal Check ---
00 00 00 00 00 02 00 01 00 00 00 00 00 00 00 00 00 00 
00 00 00 00 00 00 00 02 00 00 00 00 00 00 00 00 00 00 
00 00 00 00 00 00 00 01 01 01 03 02 01 00 00 00 00 00 
00 00 00 03 00 01 00 00 00 01 00 01 00 00 00 00 00 00 
00 00 00 00 00 00 00 00 00 01 00 01 01 00 00 00 02 00 
00 00 00 02 00 00 00 00 00 00 00 00 00 00 01 00 00 00 
00 00 00 01 00 00 00 00 00 01 00 00 00 00 00 00 00 00 
00 00 02 01 01 02 01 00 01 02 00 00 00 00 00 00 00 00 
00 01 00 00 01 00 01 00 00 00 00 01 00 00 00 00 00 01 
00 02 02 02 01 02 02 01 01 00 01 00 00 00 00 00 01 00 
00 00 02 01 01 01 00 00 00 00 00 00 00 00 00 01 01 00 
00 00 01 01 00 00 00 00 00 00 00 02 01 01 01 01 00 00 
00 00 00 01 01 00 00 00 00 00 00 00 00 00 00 00 00 00 
00 00 02 02 02 02 03 00 00 01 00 00 00 00 01 00 00 00 
00 00 01 00 01 01 01 00 00 01 00 00 00 00 00 00 00 00 
00 00 00 01 01 00 01 02 00 02 00 00 00 00 00 02 00 00 
00 00 00 01 01 00 01 00 00 00 00 01 01 00 00 00 00 00 
00 00 00 00 00 00 00 02 01 01 00 00 00 00 00 00 00 00 
00 00 00 00 00 00 00 00 00 02 00 00 00 00 00 00 00 00 

New scan: Name: GrupaPiotrKuba, Id: 1, Score 101
New scan: Name: Team-E, Id: 2, Score 36
New scan: Name: Sapko_kebab_gamig, Id: 3, Score 57
New scan: Name: Pengwings, Id: 4, Score 53
New scan: Name: Pingwiniarze, Id: 5, Score 17
Successfully loaded 5 players.
Displaying the board.

         |  A1   |  B1   |  C1   |  D1   |  E1   |  F1   |  G1   |  H1   |  I1   |  J1   |  K1   |  L1   |  M1   |  N1   |  O1   |  P1   |  Q1   |  R1   |
––––––––––––––––––––––––––––––––––––––––––––––––––––––––––––––––––––––––––––––––––––––––––––––––––––––––––––––––––––––––––––––––––––––––––––––––––––––––––
|   a1   |   0   |   0   |   0   |   0   |   0   |   2   | P1 p1 |   1   |   0   |   0   |   0   |   0   |   0   |   0   |   0   |   0   |   0   |   0   |
––––––––––––––––––––––––––––––––––––––––––––––––––––––––––––––––––––––––––––––––––––––––––––––––––––––––––––––––––––––––––––––––––––––––––––––––––––––––––
|   b1   |   0   |   0   |   0   |   0   |   0   |   0   |   0   |   2   |   0   |   0   |   0   |   0   |   0   |   0   |   0   |   0   |   0   |   0   |
––––––––––––––––––––––––––––––––––––––––––––––––––––––––––––––––––––––––––––––––––––––––––––––––––––––––––––––––––––––––––––––––––––––––––––––––––––––––––
|   c1   |   0   |   0   |   0   |   0   |   0   |   0   |   0   |   1   |   1   |   1   |   3   |   2   |   1   |   0   |   0   |   0   |   0   |   0   |
––––––––––––––––––––––––––––––––––––––––––––––––––––––––––––––––––––––––––––––––––––––––––––––––––––––––––––––––––––––––––––––––––––––––––––––––––––––––––
|   d1   |   0   |   0   |   0   |   3   |   0   |   1   |   0   |   0   | P1 p2 |   1   |   0   |   1   |   0   | P2 p1 |   0   |   0   |   0   |   0   |
––––––––––––––––––––––––––––––––––––––––––––––––––––––––––––––––––––––––––––––––––––––––––––––––––––––––––––––––––––––––––––––––––––––––––––––––––––––––––
|   e1   |   0   |   0   |   0   |   0   | P5 p1 |   0   |   0   |   0   |   0   |   1   |   0   |   1   |   1   |   0   |   0   |   0   |   2   |   0   |
––––––––––––––––––––––––––––––––––––––––––––––––––––––––––––––––––––––––––––––––––––––––––––––––––––––––––––––––––––––––––––––––––––––––––––––––––––––––––
|   f1   |   0   |   0   |   0   |   2   |   0   |   0   |   0   | P5 p2 |   0   |   0   |   0   |   0   |   0   |   0   |   1   |   0   |   0   |   0   |
––––––––––––––––––––––––––––––––––––––––––––––––––––––––––––––––––––––––––––––––––––––––––––––––––––––––––––––––––––––––––––––––––––––––––––––––––––––––––
|   g1   |   0   |   0   |   0   |   1   |   0   |   0   |   0   |   0   |   0   |   1   |   0   |   0   |   0   |   0   |   0   |   0   |   0   | P2 p2 |
––––––––––––––––––––––––––––––––––––––––––––––––––––––––––––––––––––––––––––––––––––––––––––––––––––––––––––––––––––––––––––––––––––––––––––––––––––––––––
|   h1   |   0   |   0   |   2   |   1   |   1   |   2   |   1   |   0   |   1   |   2   |   0   |   0   | P4 p1 |   0   |   0   |   0   |   0   |   0   |
––––––––––––––––––––––––––––––––––––––––––––––––––––––––––––––––––––––––––––––––––––––––––––––––––––––––––––––––––––––––––––––––––––––––––––––––––––––––––
|   i1   |   0   |   1   |   0   |   0   |   1   |   0   |   1   |   0   |   0   |   0   |   0   |   1   |   0   |   0   |   0   | P3 p1 |   0   |   1   |
––––––––––––––––––––––––––––––––––––––––––––––––––––––––––––––––––––––––––––––––––––––––––––––––––––––––––––––––––––––––––––––––––––––––––––––––––––––––––
|   j1   |   0   |   2   |   2   |   2   |   1   |   2   |   2   |   1   |   1   |   0   |   1   |   0   |   0   |   0   | P2 p3 |   0   |   1   |   0   |
––––––––––––––––––––––––––––––––––––––––––––––––––––––––––––––––––––––––––––––––––––––––––––––––––––––––––––––––––––––––––––––––––––––––––––––––––––––––––
|   k1   |   0   |   0   |   2   |   1   |   1   |   1   |   0   |   0   |   0   | P4 p2 |   0   | P1 p3 |   0   |   0   |   0   |   1   |   1   |   0   |
––––––––––––––––––––––––––––––––––––––––––––––––––––––––––––––––––––––––––––––––––––––––––––––––––––––––––––––––––––––––––––––––––––––––––––––––––––––––––
|   l1   |   0   |   0   |   1   |   1   |   0   |   0   |   0   |   0   |   0   |   0   |   0   |   2   |   1   |   1   |   1   |   1   |   0   | P3 p2 |
––––––––––––––––––––––––––––––––––––––––––––––––––––––––––––––––––––––––––––––––––––––––––––––––––––––––––––––––––––––––––––––––––––––––––––––––––––––––––
|   m1   |   0   |   0   |   0   |   1   |   1   |   0   |   0   | P4 p3 | P3 p3 |   0   |   0   |   0   |   0   |   0   |   0   |   0   |   0   |   0   |
––––––––––––––––––––––––––––––––––––––––––––––––––––––––––––––––––––––––––––––––––––––––––––––––––––––––––––––––––––––––––––––––––––––––––––––––––––––––––
|   n1   |   0   |   0   |   2   |   2   |   2   |   2   |   3   |   0   |   0   |   1   |   0   |   0   |   0   |   0   |   1   |   0   |   0   |   0   |
––––––––––––––––––––––––––––––––––––––––––––––––––––––––––––––––––––––––––––––––––––––––––––––––––––––––––––––––––––––––––––––––––––––––––––––––––––––––––
|   o1   |   0   |   0   |   1   |   0   |   1   |   1   |   1   |   0   |   0   |   1   |   0   | P5 p3 |   0   |   0   |   0   |   0   |   0   |   0   |
––––––––––––––––––––––––––––––––––––––––––––––––––––––––––––––––––––––––––––––––––––––––––––––––––––––––––––––––––––––––––––––––––––––––––––––––––––––––––
|   p1   |   0   |   0   |   0   |   1   |   1   |   0   |   1   |   2   |   0   |   2   |   0   |   0   |   0   |   0   |   0   |   2   |   0   |   0   |
––––––––––––––––––––––––––––––––––––––––––––––––––––––––––––––––––––––––––––––––––––––––––––––––––––––––––––––––––––––––––––––––––––––––––––––––––––––––––
|   q1   |   0   |   0   |   0   |   1   |   1   |   0   |   1   |   0   |   0   |   0   |   0   |   1   |   1   |   0   |   0   |   0   |   0   |   0   |
––––––––––––––––––––––––––––––––––––––––––––––––––––––––––––––––––––––––––––––––––––––––––––––––––––––––––––––––––––––––––––––––––––––––––––––––––––––––––
|   r1   |   0   |   0   |   0   |   0   |   0   |   0   |   0   |   2   |   1   |   1   |   0   |   0   |   0   |   0   |   0   |   0   |   0   |   0   |
––––––––––––––––––––––––––––––––––––––––––––––––––––––––––––––––––––––––––––––––––––––––––––––––––––––––––––––––––––––––––––––––––––––––––––––––––––––––––
|   s1   |   0   |   0   |   0   |   0   |   0   |   0   |   0   |   0   |   0   |   2   |   0   |   0   |   0   |   0   |   0   |   0   |   0   |   0   |
––––––––––––––––––––––––––––––––––––––––––––––––––––––––––––––––––––––––––––––––––––––––––––––––––––––––––––––––––––––––––––––––––––––––––––––––––––––––––
Pointer to penguins: 0x566bd11184d0
No moves available!
--- Runda 18 ---
Runner/a.txt
Expected dim: 19, 18
Generating new void board...
Map Dimensions found: 19 rows, 18 cols

--- Internal Check ---
00 00 00 00 00 02 00 01 00 00 00 00 00 00 00 00 00 00 
00 00 00 00 00 00 00 02 00 00 00 00 00 00 00 00 00 00 
00 00 00 00 00 00 00 01 01 01 03 02 01 00 00 00 00 00 
00 00 00 03 00 01 00 00 00 01 00 01 00 00 00 00 00 00 
00 00 00 00 00 00 00 00 00 01 00 01 01 00 00 00 02 00 
00 00 00 02 00 00 00 00 00 00 00 00 00 00 01 00 00 00 
00 00 00 01 00 00 00 00 00 01 00 00 00 00 00 00 00 00 
00 00 02 01 01 02 01 00 01 02 00 00 00 00 00 00 00 00 
00 01 00 00 01 00 01 00 00 00 00 01 00 00 00 00 00 01 
00 02 02 02 01 02 02 01 01 00 01 00 00 00 00 00 01 00 
00 00 02 01 01 01 00 00 00 00 00 00 00 00 00 01 01 00 
00 00 01 01 00 00 00 00 00 00 00 02 01 01 01 01 00 00 
00 00 00 01 01 00 00 00 00 00 00 00 00 00 00 00 00 00 
00 00 02 02 02 02 03 00 00 01 00 00 00 00 01 00 00 00 
00 00 01 00 01 01 01 00 00 01 00 00 00 00 00 00 00 00 
00 00 00 01 01 00 01 02 00 02 00 00 00 00 00 02 00 00 
00 00 00 01 01 00 01 00 00 00 00 01 01 00 00 00 00 00 
00 00 00 00 00 00 00 02 01 01 00 00 00 00 00 00 00 00 
00 00 00 00 00 00 00 00 00 02 00 00 00 00 00 00 00 00 

New scan: Name: GrupaPiotrKuba, Id: 1, Score 101
New scan: Name: Team-E, Id: 2, Score 36
New scan: Name: Sapko_kebab_gamig, Id: 3, Score 57
New scan: Name: Pengwings, Id: 4, Score 53
New scan: Name: Pingwiniarze, Id: 5, Score 17
Successfully loaded 5 players.
Displaying the board.

         |  A1   |  B1   |  C1   |  D1   |  E1   |  F1   |  G1   |  H1   |  I1   |  J1   |  K1   |  L1   |  M1   |  N1   |  O1   |  P1   |  Q1   |  R1   |
––––––––––––––––––––––––––––––––––––––––––––––––––––––––––––––––––––––––––––––––––––––––––––––––––––––––––––––––––––––––––––––––––––––––––––––––––––––––––
|   a1   |   0   |   0   |   0   |   0   |   0   |   2   | P1 p1 |   1   |   0   |   0   |   0   |   0   |   0   |   0   |   0   |   0   |   0   |   0   |
––––––––––––––––––––––––––––––––––––––––––––––––––––––––––––––––––––––––––––––––––––––––––––––––––––––––––––––––––––––––––––––––––––––––––––––––––––––––––
|   b1   |   0   |   0   |   0   |   0   |   0   |   0   |   0   |   2   |   0   |   0   |   0   |   0   |   0   |   0   |   0   |   0   |   0   |   0   |
––––––––––––––––––––––––––––––––––––––––––––––––––––––––––––––––––––––––––––––––––––––––––––––––––––––––––––––––––––––––––––––––––––––––––––––––––––––––––
|   c1   |   0   |   0   |   0   |   0   |   0   |   0   |   0   |   1   |   1   |   1   |   3   |   2   |   1   |   0   |   0   |   0   |   0   |   0   |
––––––––––––––––––––––––––––––––––––––––––––––––––––––––––––––––––––––––––––––––––––––––––––––––––––––––––––––––––––––––––––––––––––––––––––––––––––––––––
|   d1   |   0   |   0   |   0   |   3   |   0   |   1   |   0   |   0   | P1 p2 |   1   |   0   |   1   |   0   | P2 p1 |   0   |   0   |   0   |   0   |
––––––––––––––––––––––––––––––––––––––––––––––––––––––––––––––––––––––––––––––––––––––––––––––––––––––––––––––––––––––––––––––––––––––––––––––––––––––––––
|   e1   |   0   |   0   |   0   |   0   | P5 p1 |   0   |   0   |   0   |   0   |   1   |   0   |   1   |   1   |   0   |   0   |   0   |   2   |   0   |
––––––––––––––––––––––––––––––––––––––––––––––––––––––––––––––––––––––––––––––––––––––––––––––––––––––––––––––––––––––––––––––––––––––––––––––––––––––––––
|   f1   |   0   |   0   |   0   |   2   |   0   |   0   |   0   | P5 p2 |   0   |   0   |   0   |   0   |   0   |   0   |   1   |   0   |   0   |   0   |
––––––––––––––––––––––––––––––––––––––––––––––––––––––––––––––––––––––––––––––––––––––––––––––––––––––––––––––––––––––––––––––––––––––––––––––––––––––––––
|   g1   |   0   |   0   |   0   |   1   |   0   |   0   |   0   |   0   |   0   |   1   |   0   |   0   |   0   |   0   |   0   |   0   |   0   | P2 p2 |
––––––––––––––––––––––––––––––––––––––––––––––––––––––––––––––––––––––––––––––––––––––––––––––––––––––––––––––––––––––––––––––––––––––––––––––––––––––––––
|   h1   |   0   |   0   |   2   |   1   |   1   |   2   |   1   |   0   |   1   |   2   |   0   |   0   | P4 p1 |   0   |   0   |   0   |   0   |   0   |
––––––––––––––––––––––––––––––––––––––––––––––––––––––––––––––––––––––––––––––––––––––––––––––––––––––––––––––––––––––––––––––––––––––––––––––––––––––––––
|   i1   |   0   |   1   |   0   |   0   |   1   |   0   |   1   |   0   |   0   |   0   |   0   |   1   |   0   |   0   |   0   | P3 p1 |   0   |   1   |
––––––––––––––––––––––––––––––––––––––––––––––––––––––––––––––––––––––––––––––––––––––––––––––––––––––––––––––––––––––––––––––––––––––––––––––––––––––––––
|   j1   |   0   |   2   |   2   |   2   |   1   |   2   |   2   |   1   |   1   |   0   |   1   |   0   |   0   |   0   | P2 p3 |   0   |   1   |   0   |
––––––––––––––––––––––––––––––––––––––––––––––––––––––––––––––––––––––––––––––––––––––––––––––––––––––––––––––––––––––––––––––––––––––––––––––––––––––––––
|   k1   |   0   |   0   |   2   |   1   |   1   |   1   |   0   |   0   |   0   | P4 p2 |   0   | P1 p3 |   0   |   0   |   0   |   1   |   1   |   0   |
––––––––––––––––––––––––––––––––––––––––––––––––––––––––––––––––––––––––––––––––––––––––––––––––––––––––––––––––––––––––––––––––––––––––––––––––––––––––––
|   l1   |   0   |   0   |   1   |   1   |   0   |   0   |   0   |   0   |   0   |   0   |   0   |   2   |   1   |   1   |   1   |   1   |   0   | P3 p2 |
––––––––––––––––––––––––––––––––––––––––––––––––––––––––––––––––––––––––––––––––––––––––––––––––––––––––––––––––––––––––––––––––––––––––––––––––––––––––––
|   m1   |   0   |   0   |   0   |   1   |   1   |   0   |   0   | P4 p3 | P3 p3 |   0   |   0   |   0   |   0   |   0   |   0   |   0   |   0   |   0   |
––––––––––––––––––––––––––––––––––––––––––––––––––––––––––––––––––––––––––––––––––––––––––––––––––––––––––––––––––––––––––––––––––––––––––––––––––––––––––
|   n1   |   0   |   0   |   2   |   2   |   2   |   2   |   3   |   0   |   0   |   1   |   0   |   0   |   0   |   0   |   1   |   0   |   0   |   0   |
––––––––––––––––––––––––––––––––––––––––––––––––––––––––––––––––––––––––––––––––––––––––––––––––––––––––––––––––––––––––––––––––––––––––––––––––––––––––––
|   o1   |   0   |   0   |   1   |   0   |   1   |   1   |   1   |   0   |   0   |   1   |   0   | P5 p3 |   0   |   0   |   0   |   0   |   0   |   0   |
––––––––––––––––––––––––––––––––––––––––––––––––––––––––––––––––––––––––––––––––––––––––––––––––––––––––––––––––––––––––––––––––––––––––––––––––––––––––––
|   p1   |   0   |   0   |   0   |   1   |   1   |   0   |   1   |   2   |   0   |   2   |   0   |   0   |   0   |   0   |   0   |   2   |   0   |   0   |
––––––––––––––––––––––––––––––––––––––––––––––––––––––––––––––––––––––––––––––––––––––––––––––––––––––––––––––––––––––––––––––––––––––––––––––––––––––––––
|   q1   |   0   |   0   |   0   |   1   |   1   |   0   |   1   |   0   |   0   |   0   |   0   |   1   |   1   |   0   |   0   |   0   |   0   |   0   |
––––––––––––––––––––––––––––––––––––––––––––––––––––––––––––––––––––––––––––––––––––––––––––––––––––––––––––––––––––––––––––––––––––––––––––––––––––––––––
|   r1   |   0   |   0   |   0   |   0   |   0   |   0   |   0   |   2   |   1   |   1   |   0   |   0   |   0   |   0   |   0   |   0   |   0   |   0   |
––––––––––––––––––––––––––––––––––––––––––––––––––––––––––––––––––––––––––––––––––––––––––––––––––––––––––––––––––––––––––––––––––––––––––––––––––––––––––
|   s1   |   0   |   0   |   0   |   0   |   0   |   0   |   0   |   0   |   0   |   2   |   0   |   0   |   0   |   0   |   0   |   0   |   0   |   0   |
––––––––––––––––––––––––––––––––––––––––––––––––––––––––––––––––––––––––––––––––––––––––––––––––––––––––––––––––––––––––––––––––––––––––––––––––––––––––––
Pointer to penguins: 0x6184ba34a4d0
No moves available!
--- Runda 19 ---
Runner/a.txt
Expected dim: 19, 18
Generating new void board...
Map Dimensions found: 19 rows, 18 cols

--- Internal Check ---
00 00 00 00 00 02 00 01 00 00 00 00 00 00 00 00 00 00 
00 00 00 00 00 00 00 02 00 00 00 00 00 00 00 00 00 00 
00 00 00 00 00 00 00 01 01 01 03 02 01 00 00 00 00 00 
00 00 00 03 00 01 00 00 00 01 00 01 00 00 00 00 00 00 
00 00 00 00 00 00 00 00 00 01 00 01 01 00 00 00 02 00 
00 00 00 02 00 00 00 00 00 00 00 00 00 00 01 00 00 00 
00 00 00 01 00 00 00 00 00 01 00 00 00 00 00 00 00 00 
00 00 02 01 01 02 01 00 01 02 00 00 00 00 00 00 00 00 
00 01 00 00 01 00 01 00 00 00 00 01 00 00 00 00 00 01 
00 02 02 02 01 02 02 01 01 00 01 00 00 00 00 00 01 00 
00 00 02 01 01 01 00 00 00 00 00 00 00 00 00 01 01 00 
00 00 01 01 00 00 00 00 00 00 00 02 01 01 01 01 00 00 
00 00 00 01 01 00 00 00 00 00 00 00 00 00 00 00 00 00 
00 00 02 02 02 02 03 00 00 01 00 00 00 00 01 00 00 00 
00 00 01 00 01 01 01 00 00 01 00 00 00 00 00 00 00 00 
00 00 00 01 01 00 01 02 00 02 00 00 00 00 00 02 00 00 
00 00 00 01 01 00 01 00 00 00 00 01 01 00 00 00 00 00 
00 00 00 00 00 00 00 02 01 01 00 00 00 00 00 00 00 00 
00 00 00 00 00 00 00 00 00 02 00 00 00 00 00 00 00 00 

New scan: Name: GrupaPiotrKuba, Id: 1, Score 101
New scan: Name: Team-E, Id: 2, Score 36
New scan: Name: Sapko_kebab_gamig, Id: 3, Score 57
New scan: Name: Pengwings, Id: 4, Score 53
New scan: Name: Pingwiniarze, Id: 5, Score 17
Successfully loaded 5 players.
Displaying the board.

         |  A1   |  B1   |  C1   |  D1   |  E1   |  F1   |  G1   |  H1   |  I1   |  J1   |  K1   |  L1   |  M1   |  N1   |  O1   |  P1   |  Q1   |  R1   |
––––––––––––––––––––––––––––––––––––––––––––––––––––––––––––––––––––––––––––––––––––––––––––––––––––––––––––––––––––––––––––––––––––––––––––––––––––––––––
|   a1   |   0   |   0   |   0   |   0   |   0   |   2   | P1 p1 |   1   |   0   |   0   |   0   |   0   |   0   |   0   |   0   |   0   |   0   |   0   |
––––––––––––––––––––––––––––––––––––––––––––––––––––––––––––––––––––––––––––––––––––––––––––––––––––––––––––––––––––––––––––––––––––––––––––––––––––––––––
|   b1   |   0   |   0   |   0   |   0   |   0   |   0   |   0   |   2   |   0   |   0   |   0   |   0   |   0   |   0   |   0   |   0   |   0   |   0   |
––––––––––––––––––––––––––––––––––––––––––––––––––––––––––––––––––––––––––––––––––––––––––––––––––––––––––––––––––––––––––––––––––––––––––––––––––––––––––
|   c1   |   0   |   0   |   0   |   0   |   0   |   0   |   0   |   1   |   1   |   1   |   3   |   2   |   1   |   0   |   0   |   0   |   0   |   0   |
––––––––––––––––––––––––––––––––––––––––––––––––––––––––––––––––––––––––––––––––––––––––––––––––––––––––––––––––––––––––––––––––––––––––––––––––––––––––––
|   d1   |   0   |   0   |   0   |   3   |   0   |   1   |   0   |   0   | P1 p2 |   1   |   0   |   1   |   0   | P2 p1 |   0   |   0   |   0   |   0   |
––––––––––––––––––––––––––––––––––––––––––––––––––––––––––––––––––––––––––––––––––––––––––––––––––––––––––––––––––––––––––––––––––––––––––––––––––––––––––
|   e1   |   0   |   0   |   0   |   0   | P5 p1 |   0   |   0   |   0   |   0   |   1   |   0   |   1   |   1   |   0   |   0   |   0   |   2   |   0   |
––––––––––––––––––––––––––––––––––––––––––––––––––––––––––––––––––––––––––––––––––––––––––––––––––––––––––––––––––––––––––––––––––––––––––––––––––––––––––
|   f1   |   0   |   0   |   0   |   2   |   0   |   0   |   0   | P5 p2 |   0   |   0   |   0   |   0   |   0   |   0   |   1   |   0   |   0   |   0   |
––––––––––––––––––––––––––––––––––––––––––––––––––––––––––––––––––––––––––––––––––––––––––––––––––––––––––––––––––––––––––––––––––––––––––––––––––––––––––
|   g1   |   0   |   0   |   0   |   1   |   0   |   0   |   0   |   0   |   0   |   1   |   0   |   0   |   0   |   0   |   0   |   0   |   0   | P2 p2 |
––––––––––––––––––––––––––––––––––––––––––––––––––––––––––––––––––––––––––––––––––––––––––––––––––––––––––––––––––––––––––––––––––––––––––––––––––––––––––
|   h1   |   0   |   0   |   2   |   1   |   1   |   2   |   1   |   0   |   1   |   2   |   0   |   0   | P4 p1 |   0   |   0   |   0   |   0   |   0   |
––––––––––––––––––––––––––––––––––––––––––––––––––––––––––––––––––––––––––––––––––––––––––––––––––––––––––––––––––––––––––––––––––––––––––––––––––––––––––
|   i1   |   0   |   1   |   0   |   0   |   1   |   0   |   1   |   0   |   0   |   0   |   0   |   1   |   0   |   0   |   0   | P3 p1 |   0   |   1   |
––––––––––––––––––––––––––––––––––––––––––––––––––––––––––––––––––––––––––––––––––––––––––––––––––––––––––––––––––––––––––––––––––––––––––––––––––––––––––
|   j1   |   0   |   2   |   2   |   2   |   1   |   2   |   2   |   1   |   1   |   0   |   1   |   0   |   0   |   0   | P2 p3 |   0   |   1   |   0   |
––––––––––––––––––––––––––––––––––––––––––––––––––––––––––––––––––––––––––––––––––––––––––––––––––––––––––––––––––––––––––––––––––––––––––––––––––––––––––
|   k1   |   0   |   0   |   2   |   1   |   1   |   1   |   0   |   0   |   0   | P4 p2 |   0   | P1 p3 |   0   |   0   |   0   |   1   |   1   |   0   |
––––––––––––––––––––––––––––––––––––––––––––––––––––––––––––––––––––––––––––––––––––––––––––––––––––––––––––––––––––––––––––––––––––––––––––––––––––––––––
|   l1   |   0   |   0   |   1   |   1   |   0   |   0   |   0   |   0   |   0   |   0   |   0   |   2   |   1   |   1   |   1   |   1   |   0   | P3 p2 |
––––––––––––––––––––––––––––––––––––––––––––––––––––––––––––––––––––––––––––––––––––––––––––––––––––––––––––––––––––––––––––––––––––––––––––––––––––––––––
|   m1   |   0   |   0   |   0   |   1   |   1   |   0   |   0   | P4 p3 | P3 p3 |   0   |   0   |   0   |   0   |   0   |   0   |   0   |   0   |   0   |
––––––––––––––––––––––––––––––––––––––––––––––––––––––––––––––––––––––––––––––––––––––––––––––––––––––––––––––––––––––––––––––––––––––––––––––––––––––––––
|   n1   |   0   |   0   |   2   |   2   |   2   |   2   |   3   |   0   |   0   |   1   |   0   |   0   |   0   |   0   |   1   |   0   |   0   |   0   |
––––––––––––––––––––––––––––––––––––––––––––––––––––––––––––––––––––––––––––––––––––––––––––––––––––––––––––––––––––––––––––––––––––––––––––––––––––––––––
|   o1   |   0   |   0   |   1   |   0   |   1   |   1   |   1   |   0   |   0   |   1   |   0   | P5 p3 |   0   |   0   |   0   |   0   |   0   |   0   |
––––––––––––––––––––––––––––––––––––––––––––––––––––––––––––––––––––––––––––––––––––––––––––––––––––––––––––––––––––––––––––––––––––––––––––––––––––––––––
|   p1   |   0   |   0   |   0   |   1   |   1   |   0   |   1   |   2   |   0   |   2   |   0   |   0   |   0   |   0   |   0   |   2   |   0   |   0   |
––––––––––––––––––––––––––––––––––––––––––––––––––––––––––––––––––––––––––––––––––––––––––––––––––––––––––––––––––––––––––––––––––––––––––––––––––––––––––
|   q1   |   0   |   0   |   0   |   1   |   1   |   0   |   1   |   0   |   0   |   0   |   0   |   1   |   1   |   0   |   0   |   0   |   0   |   0   |
––––––––––––––––––––––––––––––––––––––––––––––––––––––––––––––––––––––––––––––––––––––––––––––––––––––––––––––––––––––––––––––––––––––––––––––––––––––––––
|   r1   |   0   |   0   |   0   |   0   |   0   |   0   |   0   |   2   |   1   |   1   |   0   |   0   |   0   |   0   |   0   |   0   |   0   |   0   |
––––––––––––––––––––––––––––––––––––––––––––––––––––––––––––––––––––––––––––––––––––––––––––––––––––––––––––––––––––––––––––––––––––––––––––––––––––––––––
|   s1   |   0   |   0   |   0   |   0   |   0   |   0   |   0   |   0   |   0   |   2   |   0   |   0   |   0   |   0   |   0   |   0   |   0   |   0   |
––––––––––––––––––––––––––––––––––––––––––––––––––––––––––––––––––––––––––––––––––––––––––––––––––––––––––––––––––––––––––––––––––––––––––––––––––––––––––
Pointer to penguins: 0x5f1a7a1b64d0
No moves available!
--- Runda 20 ---
Runner/a.txt
Expected dim: 19, 18
Generating new void board...
Map Dimensions found: 19 rows, 18 cols

--- Internal Check ---
00 00 00 00 00 02 00 01 00 00 00 00 00 00 00 00 00 00 
00 00 00 00 00 00 00 02 00 00 00 00 00 00 00 00 00 00 
00 00 00 00 00 00 00 01 01 01 03 02 01 00 00 00 00 00 
00 00 00 03 00 01 00 00 00 01 00 01 00 00 00 00 00 00 
00 00 00 00 00 00 00 00 00 01 00 01 01 00 00 00 02 00 
00 00 00 02 00 00 00 00 00 00 00 00 00 00 01 00 00 00 
00 00 00 01 00 00 00 00 00 01 00 00 00 00 00 00 00 00 
00 00 02 01 01 02 01 00 01 02 00 00 00 00 00 00 00 00 
00 01 00 00 01 00 01 00 00 00 00 01 00 00 00 00 00 01 
00 02 02 02 01 02 02 01 01 00 01 00 00 00 00 00 01 00 
00 00 02 01 01 01 00 00 00 00 00 00 00 00 00 01 01 00 
00 00 01 01 00 00 00 00 00 00 00 02 01 01 01 01 00 00 
00 00 00 01 01 00 00 00 00 00 00 00 00 00 00 00 00 00 
00 00 02 02 02 02 03 00 00 01 00 00 00 00 01 00 00 00 
00 00 01 00 01 01 01 00 00 01 00 00 00 00 00 00 00 00 
00 00 00 01 01 00 01 02 00 02 00 00 00 00 00 02 00 00 
00 00 00 01 01 00 01 00 00 00 00 01 01 00 00 00 00 00 
00 00 00 00 00 00 00 02 01 01 00 00 00 00 00 00 00 00 
00 00 00 00 00 00 00 00 00 02 00 00 00 00 00 00 00 00 

New scan: Name: GrupaPiotrKuba, Id: 1, Score 101
New scan: Name: Team-E, Id: 2, Score 36
New scan: Name: Sapko_kebab_gamig, Id: 3, Score 57
New scan: Name: Pengwings, Id: 4, Score 53
New scan: Name: Pingwiniarze, Id: 5, Score 17
Successfully loaded 5 players.
Displaying the board.

         |  A1   |  B1   |  C1   |  D1   |  E1   |  F1   |  G1   |  H1   |  I1   |  J1   |  K1   |  L1   |  M1   |  N1   |  O1   |  P1   |  Q1   |  R1   |
––––––––––––––––––––––––––––––––––––––––––––––––––––––––––––––––––––––––––––––––––––––––––––––––––––––––––––––––––––––––––––––––––––––––––––––––––––––––––
|   a1   |   0   |   0   |   0   |   0   |   0   |   2   | P1 p1 |   1   |   0   |   0   |   0   |   0   |   0   |   0   |   0   |   0   |   0   |   0   |
––––––––––––––––––––––––––––––––––––––––––––––––––––––––––––––––––––––––––––––––––––––––––––––––––––––––––––––––––––––––––––––––––––––––––––––––––––––––––
|   b1   |   0   |   0   |   0   |   0   |   0   |   0   |   0   |   2   |   0   |   0   |   0   |   0   |   0   |   0   |   0   |   0   |   0   |   0   |
––––––––––––––––––––––––––––––––––––––––––––––––––––––––––––––––––––––––––––––––––––––––––––––––––––––––––––––––––––––––––––––––––––––––––––––––––––––––––
|   c1   |   0   |   0   |   0   |   0   |   0   |   0   |   0   |   1   |   1   |   1   |   3   |   2   |   1   |   0   |   0   |   0   |   0   |   0   |
––––––––––––––––––––––––––––––––––––––––––––––––––––––––––––––––––––––––––––––––––––––––––––––––––––––––––––––––––––––––––––––––––––––––––––––––––––––––––
|   d1   |   0   |   0   |   0   |   3   |   0   |   1   |   0   |   0   | P1 p2 |   1   |   0   |   1   |   0   | P2 p1 |   0   |   0   |   0   |   0   |
––––––––––––––––––––––––––––––––––––––––––––––––––––––––––––––––––––––––––––––––––––––––––––––––––––––––––––––––––––––––––––––––––––––––––––––––––––––––––
|   e1   |   0   |   0   |   0   |   0   | P5 p1 |   0   |   0   |   0   |   0   |   1   |   0   |   1   |   1   |   0   |   0   |   0   |   2   |   0   |
––––––––––––––––––––––––––––––––––––––––––––––––––––––––––––––––––––––––––––––––––––––––––––––––––––––––––––––––––––––––––––––––––––––––––––––––––––––––––
|   f1   |   0   |   0   |   0   |   2   |   0   |   0   |   0   | P5 p2 |   0   |   0   |   0   |   0   |   0   |   0   |   1   |   0   |   0   |   0   |
––––––––––––––––––––––––––––––––––––––––––––––––––––––––––––––––––––––––––––––––––––––––––––––––––––––––––––––––––––––––––––––––––––––––––––––––––––––––––
|   g1   |   0   |   0   |   0   |   1   |   0   |   0   |   0   |   0   |   0   |   1   |   0   |   0   |   0   |   0   |   0   |   0   |   0   | P2 p2 |
––––––––––––––––––––––––––––––––––––––––––––––––––––––––––––––––––––––––––––––––––––––––––––––––––––––––––––––––––––––––––––––––––––––––––––––––––––––––––
|   h1   |   0   |   0   |   2   |   1   |   1   |   2   |   1   |   0   |   1   |   2   |   0   |   0   | P4 p1 |   0   |   0   |   0   |   0   |   0   |
––––––––––––––––––––––––––––––––––––––––––––––––––––––––––––––––––––––––––––––––––––––––––––––––––––––––––––––––––––––––––––––––––––––––––––––––––––––––––
|   i1   |   0   |   1   |   0   |   0   |   1   |   0   |   1   |   0   |   0   |   0   |   0   |   1   |   0   |   0   |   0   | P3 p1 |   0   |   1   |
––––––––––––––––––––––––––––––––––––––––––––––––––––––––––––––––––––––––––––––––––––––––––––––––––––––––––––––––––––––––––––––––––––––––––––––––––––––––––
|   j1   |   0   |   2   |   2   |   2   |   1   |   2   |   2   |   1   |   1   |   0   |   1   |   0   |   0   |   0   | P2 p3 |   0   |   1   |   0   |
––––––––––––––––––––––––––––––––––––––––––––––––––––––––––––––––––––––––––––––––––––––––––––––––––––––––––––––––––––––––––––––––––––––––––––––––––––––––––
|   k1   |   0   |   0   |   2   |   1   |   1   |   1   |   0   |   0   |   0   | P4 p2 |   0   | P1 p3 |   0   |   0   |   0   |   1   |   1   |   0   |
––––––––––––––––––––––––––––––––––––––––––––––––––––––––––––––––––––––––––––––––––––––––––––––––––––––––––––––––––––––––––––––––––––––––––––––––––––––––––
|   l1   |   0   |   0   |   1   |   1   |   0   |   0   |   0   |   0   |   0   |   0   |   0   |   2   |   1   |   1   |   1   |   1   |   0   | P3 p2 |
––––––––––––––––––––––––––––––––––––––––––––––––––––––––––––––––––––––––––––––––––––––––––––––––––––––––––––––––––––––––––––––––––––––––––––––––––––––––––
|   m1   |   0   |   0   |   0   |   1   |   1   |   0   |   0   | P4 p3 | P3 p3 |   0   |   0   |   0   |   0   |   0   |   0   |   0   |   0   |   0   |
––––––––––––––––––––––––––––––––––––––––––––––––––––––––––––––––––––––––––––––––––––––––––––––––––––––––––––––––––––––––––––––––––––––––––––––––––––––––––
|   n1   |   0   |   0   |   2   |   2   |   2   |   2   |   3   |   0   |   0   |   1   |   0   |   0   |   0   |   0   |   1   |   0   |   0   |   0   |
––––––––––––––––––––––––––––––––––––––––––––––––––––––––––––––––––––––––––––––––––––––––––––––––––––––––––––––––––––––––––––––––––––––––––––––––––––––––––
|   o1   |   0   |   0   |   1   |   0   |   1   |   1   |   1   |   0   |   0   |   1   |   0   | P5 p3 |   0   |   0   |   0   |   0   |   0   |   0   |
––––––––––––––––––––––––––––––––––––––––––––––––––––––––––––––––––––––––––––––––––––––––––––––––––––––––––––––––––––––––––––––––––––––––––––––––––––––––––
|   p1   |   0   |   0   |   0   |   1   |   1   |   0   |   1   |   2   |   0   |   2   |   0   |   0   |   0   |   0   |   0   |   2   |   0   |   0   |
––––––––––––––––––––––––––––––––––––––––––––––––––––––––––––––––––––––––––––––––––––––––––––––––––––––––––––––––––––––––––––––––––––––––––––––––––––––––––
|   q1   |   0   |   0   |   0   |   1   |   1   |   0   |   1   |   0   |   0   |   0   |   0   |   1   |   1   |   0   |   0   |   0   |   0   |   0   |
––––––––––––––––––––––––––––––––––––––––––––––––––––––––––––––––––––––––––––––––––––––––––––––––––––––––––––––––––––––––––––––––––––––––––––––––––––––––––
|   r1   |   0   |   0   |   0   |   0   |   0   |   0   |   0   |   2   |   1   |   1   |   0   |   0   |   0   |   0   |   0   |   0   |   0   |   0   |
––––––––––––––––––––––––––––––––––––––––––––––––––––––––––––––––––––––––––––––––––––––––––––––––––––––––––––––––––––––––––––––––––––––––––––––––––––––––––
|   s1   |   0   |   0   |   0   |   0   |   0   |   0   |   0   |   0   |   0   |   2   |   0   |   0   |   0   |   0   |   0   |   0   |   0   |   0   |
––––––––––––––––––––––––––––––––––––––––––––––––––––––––––––––––––––––––––––––––––––––––––––––––––––––––––––––––––––––––––––––––––––––––––––––––––––––––––
Pointer to penguins: 0x5cb10d5fb4d0
No moves available!
--- Runda 21 ---
Runner/a.txt
Expected dim: 19, 18
Generating new void board...
Map Dimensions found: 19 rows, 18 cols

--- Internal Check ---
00 00 00 00 00 02 00 01 00 00 00 00 00 00 00 00 00 00 
00 00 00 00 00 00 00 02 00 00 00 00 00 00 00 00 00 00 
00 00 00 00 00 00 00 01 01 01 03 02 01 00 00 00 00 00 
00 00 00 03 00 01 00 00 00 01 00 01 00 00 00 00 00 00 
00 00 00 00 00 00 00 00 00 01 00 01 01 00 00 00 02 00 
00 00 00 02 00 00 00 00 00 00 00 00 00 00 01 00 00 00 
00 00 00 01 00 00 00 00 00 01 00 00 00 00 00 00 00 00 
00 00 02 01 01 02 01 00 01 02 00 00 00 00 00 00 00 00 
00 01 00 00 01 00 01 00 00 00 00 01 00 00 00 00 00 01 
00 02 02 02 01 02 02 01 01 00 01 00 00 00 00 00 01 00 
00 00 02 01 01 01 00 00 00 00 00 00 00 00 00 01 01 00 
00 00 01 01 00 00 00 00 00 00 00 02 01 01 01 01 00 00 
00 00 00 01 01 00 00 00 00 00 00 00 00 00 00 00 00 00 
00 00 02 02 02 02 03 00 00 01 00 00 00 00 01 00 00 00 
00 00 01 00 01 01 01 00 00 01 00 00 00 00 00 00 00 00 
00 00 00 01 01 00 01 02 00 02 00 00 00 00 00 02 00 00 
00 00 00 01 01 00 01 00 00 00 00 01 01 00 00 00 00 00 
00 00 00 00 00 00 00 02 01 01 00 00 00 00 00 00 00 00 
00 00 00 00 00 00 00 00 00 02 00 00 00 00 00 00 00 00 

New scan: Name: GrupaPiotrKuba, Id: 1, Score 101
New scan: Name: Team-E, Id: 2, Score 36
New scan: Name: Sapko_kebab_gamig, Id: 3, Score 57
New scan: Name: Pengwings, Id: 4, Score 53
New scan: Name: Pingwiniarze, Id: 5, Score 17
Successfully loaded 5 players.
Displaying the board.

         |  A1   |  B1   |  C1   |  D1   |  E1   |  F1   |  G1   |  H1   |  I1   |  J1   |  K1   |  L1   |  M1   |  N1   |  O1   |  P1   |  Q1   |  R1   |
––––––––––––––––––––––––––––––––––––––––––––––––––––––––––––––––––––––––––––––––––––––––––––––––––––––––––––––––––––––––––––––––––––––––––––––––––––––––––
|   a1   |   0   |   0   |   0   |   0   |   0   |   2   | P1 p1 |   1   |   0   |   0   |   0   |   0   |   0   |   0   |   0   |   0   |   0   |   0   |
––––––––––––––––––––––––––––––––––––––––––––––––––––––––––––––––––––––––––––––––––––––––––––––––––––––––––––––––––––––––––––––––––––––––––––––––––––––––––
|   b1   |   0   |   0   |   0   |   0   |   0   |   0   |   0   |   2   |   0   |   0   |   0   |   0   |   0   |   0   |   0   |   0   |   0   |   0   |
––––––––––––––––––––––––––––––––––––––––––––––––––––––––––––––––––––––––––––––––––––––––––––––––––––––––––––––––––––––––––––––––––––––––––––––––––––––––––
|   c1   |   0   |   0   |   0   |   0   |   0   |   0   |   0   |   1   |   1   |   1   |   3   |   2   |   1   |   0   |   0   |   0   |   0   |   0   |
––––––––––––––––––––––––––––––––––––––––––––––––––––––––––––––––––––––––––––––––––––––––––––––––––––––––––––––––––––––––––––––––––––––––––––––––––––––––––
|   d1   |   0   |   0   |   0   |   3   |   0   |   1   |   0   |   0   | P1 p2 |   1   |   0   |   1   |   0   | P2 p1 |   0   |   0   |   0   |   0   |
––––––––––––––––––––––––––––––––––––––––––––––––––––––––––––––––––––––––––––––––––––––––––––––––––––––––––––––––––––––––––––––––––––––––––––––––––––––––––
|   e1   |   0   |   0   |   0   |   0   | P5 p1 |   0   |   0   |   0   |   0   |   1   |   0   |   1   |   1   |   0   |   0   |   0   |   2   |   0   |
––––––––––––––––––––––––––––––––––––––––––––––––––––––––––––––––––––––––––––––––––––––––––––––––––––––––––––––––––––––––––––––––––––––––––––––––––––––––––
|   f1   |   0   |   0   |   0   |   2   |   0   |   0   |   0   | P5 p2 |   0   |   0   |   0   |   0   |   0   |   0   |   1   |   0   |   0   |   0   |
––––––––––––––––––––––––––––––––––––––––––––––––––––––––––––––––––––––––––––––––––––––––––––––––––––––––––––––––––––––––––––––––––––––––––––––––––––––––––
|   g1   |   0   |   0   |   0   |   1   |   0   |   0   |   0   |   0   |   0   |   1   |   0   |   0   |   0   |   0   |   0   |   0   |   0   | P2 p2 |
––––––––––––––––––––––––––––––––––––––––––––––––––––––––––––––––––––––––––––––––––––––––––––––––––––––––––––––––––––––––––––––––––––––––––––––––––––––––––
|   h1   |   0   |   0   |   2   |   1   |   1   |   2   |   1   |   0   |   1   |   2   |   0   |   0   | P4 p1 |   0   |   0   |   0   |   0   |   0   |
––––––––––––––––––––––––––––––––––––––––––––––––––––––––––––––––––––––––––––––––––––––––––––––––––––––––––––––––––––––––––––––––––––––––––––––––––––––––––
|   i1   |   0   |   1   |   0   |   0   |   1   |   0   |   1   |   0   |   0   |   0   |   0   |   1   |   0   |   0   |   0   | P3 p1 |   0   |   1   |
––––––––––––––––––––––––––––––––––––––––––––––––––––––––––––––––––––––––––––––––––––––––––––––––––––––––––––––––––––––––––––––––––––––––––––––––––––––––––
|   j1   |   0   |   2   |   2   |   2   |   1   |   2   |   2   |   1   |   1   |   0   |   1   |   0   |   0   |   0   | P2 p3 |   0   |   1   |   0   |
––––––––––––––––––––––––––––––––––––––––––––––––––––––––––––––––––––––––––––––––––––––––––––––––––––––––––––––––––––––––––––––––––––––––––––––––––––––––––
|   k1   |   0   |   0   |   2   |   1   |   1   |   1   |   0   |   0   |   0   | P4 p2 |   0   | P1 p3 |   0   |   0   |   0   |   1   |   1   |   0   |
––––––––––––––––––––––––––––––––––––––––––––––––––––––––––––––––––––––––––––––––––––––––––––––––––––––––––––––––––––––––––––––––––––––––––––––––––––––––––
|   l1   |   0   |   0   |   1   |   1   |   0   |   0   |   0   |   0   |   0   |   0   |   0   |   2   |   1   |   1   |   1   |   1   |   0   | P3 p2 |
––––––––––––––––––––––––––––––––––––––––––––––––––––––––––––––––––––––––––––––––––––––––––––––––––––––––––––––––––––––––––––––––––––––––––––––––––––––––––
|   m1   |   0   |   0   |   0   |   1   |   1   |   0   |   0   | P4 p3 | P3 p3 |   0   |   0   |   0   |   0   |   0   |   0   |   0   |   0   |   0   |
––––––––––––––––––––––––––––––––––––––––––––––––––––––––––––––––––––––––––––––––––––––––––––––––––––––––––––––––––––––––––––––––––––––––––––––––––––––––––
|   n1   |   0   |   0   |   2   |   2   |   2   |   2   |   3   |   0   |   0   |   1   |   0   |   0   |   0   |   0   |   1   |   0   |   0   |   0   |
––––––––––––––––––––––––––––––––––––––––––––––––––––––––––––––––––––––––––––––––––––––––––––––––––––––––––––––––––––––––––––––––––––––––––––––––––––––––––
|   o1   |   0   |   0   |   1   |   0   |   1   |   1   |   1   |   0   |   0   |   1   |   0   | P5 p3 |   0   |   0   |   0   |   0   |   0   |   0   |
––––––––––––––––––––––––––––––––––––––––––––––––––––––––––––––––––––––––––––––––––––––––––––––––––––––––––––––––––––––––––––––––––––––––––––––––––––––––––
|   p1   |   0   |   0   |   0   |   1   |   1   |   0   |   1   |   2   |   0   |   2   |   0   |   0   |   0   |   0   |   0   |   2   |   0   |   0   |
––––––––––––––––––––––––––––––––––––––––––––––––––––––––––––––––––––––––––––––––––––––––––––––––––––––––––––––––––––––––––––––––––––––––––––––––––––––––––
|   q1   |   0   |   0   |   0   |   1   |   1   |   0   |   1   |   0   |   0   |   0   |   0   |   1   |   1   |   0   |   0   |   0   |   0   |   0   |
––––––––––––––––––––––––––––––––––––––––––––––––––––––––––––––––––––––––––––––––––––––––––––––––––––––––––––––––––––––––––––––––––––––––––––––––––––––––––
|   r1   |   0   |   0   |   0   |   0   |   0   |   0   |   0   |   2   |   1   |   1   |   0   |   0   |   0   |   0   |   0   |   0   |   0   |   0   |
––––––––––––––––––––––––––––––––––––––––––––––––––––––––––––––––––––––––––––––––––––––––––––––––––––––––––––––––––––––––––––––––––––––––––––––––––––––––––
|   s1   |   0   |   0   |   0   |   0   |   0   |   0   |   0   |   0   |   0   |   2   |   0   |   0   |   0   |   0   |   0   |   0   |   0   |   0   |
––––––––––––––––––––––––––––––––––––––––––––––––––––––––––––––––––––––––––––––––––––––––––––––––––––––––––––––––––––––––––––––––––––––––––––––––––––––––––
Pointer to penguins: 0x6125567314d0
No moves available!
--- Runda 22 ---
Runner/a.txt
Expected dim: 19, 18
Generating new void board...
Map Dimensions found: 19 rows, 18 cols

--- Internal Check ---
00 00 00 00 00 02 00 01 00 00 00 00 00 00 00 00 00 00 
00 00 00 00 00 00 00 02 00 00 00 00 00 00 00 00 00 00 
00 00 00 00 00 00 00 01 01 01 03 02 01 00 00 00 00 00 
00 00 00 03 00 01 00 00 00 01 00 01 00 00 00 00 00 00 
00 00 00 00 00 00 00 00 00 01 00 01 01 00 00 00 02 00 
00 00 00 02 00 00 00 00 00 00 00 00 00 00 01 00 00 00 
00 00 00 01 00 00 00 00 00 01 00 00 00 00 00 00 00 00 
00 00 02 01 01 02 01 00 01 02 00 00 00 00 00 00 00 00 
00 01 00 00 01 00 01 00 00 00 00 01 00 00 00 00 00 01 
00 02 02 02 01 02 02 01 01 00 01 00 00 00 00 00 01 00 
00 00 02 01 01 01 00 00 00 00 00 00 00 00 00 01 01 00 
00 00 01 01 00 00 00 00 00 00 00 02 01 01 01 01 00 00 
00 00 00 01 01 00 00 00 00 00 00 00 00 00 00 00 00 00 
00 00 02 02 02 02 03 00 00 01 00 00 00 00 01 00 00 00 
00 00 01 00 01 01 01 00 00 01 00 00 00 00 00 00 00 00 
00 00 00 01 01 00 01 02 00 02 00 00 00 00 00 02 00 00 
00 00 00 01 01 00 01 00 00 00 00 01 01 00 00 00 00 00 
00 00 00 00 00 00 00 02 01 01 00 00 00 00 00 00 00 00 
00 00 00 00 00 00 00 00 00 02 00 00 00 00 00 00 00 00 

New scan: Name: GrupaPiotrKuba, Id: 1, Score 101
New scan: Name: Team-E, Id: 2, Score 36
New scan: Name: Sapko_kebab_gamig, Id: 3, Score 57
New scan: Name: Pengwings, Id: 4, Score 53
New scan: Name: Pingwiniarze, Id: 5, Score 17
Successfully loaded 5 players.
Displaying the board.

         |  A1   |  B1   |  C1   |  D1   |  E1   |  F1   |  G1   |  H1   |  I1   |  J1   |  K1   |  L1   |  M1   |  N1   |  O1   |  P1   |  Q1   |  R1   |
––––––––––––––––––––––––––––––––––––––––––––––––––––––––––––––––––––––––––––––––––––––––––––––––––––––––––––––––––––––––––––––––––––––––––––––––––––––––––
|   a1   |   0   |   0   |   0   |   0   |   0   |   2   | P1 p1 |   1   |   0   |   0   |   0   |   0   |   0   |   0   |   0   |   0   |   0   |   0   |
––––––––––––––––––––––––––––––––––––––––––––––––––––––––––––––––––––––––––––––––––––––––––––––––––––––––––––––––––––––––––––––––––––––––––––––––––––––––––
|   b1   |   0   |   0   |   0   |   0   |   0   |   0   |   0   |   2   |   0   |   0   |   0   |   0   |   0   |   0   |   0   |   0   |   0   |   0   |
––––––––––––––––––––––––––––––––––––––––––––––––––––––––––––––––––––––––––––––––––––––––––––––––––––––––––––––––––––––––––––––––––––––––––––––––––––––––––
|   c1   |   0   |   0   |   0   |   0   |   0   |   0   |   0   |   1   |   1   |   1   |   3   |   2   |   1   |   0   |   0   |   0   |   0   |   0   |
––––––––––––––––––––––––––––––––––––––––––––––––––––––––––––––––––––––––––––––––––––––––––––––––––––––––––––––––––––––––––––––––––––––––––––––––––––––––––
|   d1   |   0   |   0   |   0   |   3   |   0   |   1   |   0   |   0   | P1 p2 |   1   |   0   |   1   |   0   | P2 p1 |   0   |   0   |   0   |   0   |
––––––––––––––––––––––––––––––––––––––––––––––––––––––––––––––––––––––––––––––––––––––––––––––––––––––––––––––––––––––––––––––––––––––––––––––––––––––––––
|   e1   |   0   |   0   |   0   |   0   | P5 p1 |   0   |   0   |   0   |   0   |   1   |   0   |   1   |   1   |   0   |   0   |   0   |   2   |   0   |
––––––––––––––––––––––––––––––––––––––––––––––––––––––––––––––––––––––––––––––––––––––––––––––––––––––––––––––––––––––––––––––––––––––––––––––––––––––––––
|   f1   |   0   |   0   |   0   |   2   |   0   |   0   |   0   | P5 p2 |   0   |   0   |   0   |   0   |   0   |   0   |   1   |   0   |   0   |   0   |
––––––––––––––––––––––––––––––––––––––––––––––––––––––––––––––––––––––––––––––––––––––––––––––––––––––––––––––––––––––––––––––––––––––––––––––––––––––––––
|   g1   |   0   |   0   |   0   |   1   |   0   |   0   |   0   |   0   |   0   |   1   |   0   |   0   |   0   |   0   |   0   |   0   |   0   | P2 p2 |
––––––––––––––––––––––––––––––––––––––––––––––––––––––––––––––––––––––––––––––––––––––––––––––––––––––––––––––––––––––––––––––––––––––––––––––––––––––––––
|   h1   |   0   |   0   |   2   |   1   |   1   |   2   |   1   |   0   |   1   |   2   |   0   |   0   | P4 p1 |   0   |   0   |   0   |   0   |   0   |
––––––––––––––––––––––––––––––––––––––––––––––––––––––––––––––––––––––––––––––––––––––––––––––––––––––––––––––––––––––––––––––––––––––––––––––––––––––––––
|   i1   |   0   |   1   |   0   |   0   |   1   |   0   |   1   |   0   |   0   |   0   |   0   |   1   |   0   |   0   |   0   | P3 p1 |   0   |   1   |
––––––––––––––––––––––––––––––––––––––––––––––––––––––––––––––––––––––––––––––––––––––––––––––––––––––––––––––––––––––––––––––––––––––––––––––––––––––––––
|   j1   |   0   |   2   |   2   |   2   |   1   |   2   |   2   |   1   |   1   |   0   |   1   |   0   |   0   |   0   | P2 p3 |   0   |   1   |   0   |
––––––––––––––––––––––––––––––––––––––––––––––––––––––––––––––––––––––––––––––––––––––––––––––––––––––––––––––––––––––––––––––––––––––––––––––––––––––––––
|   k1   |   0   |   0   |   2   |   1   |   1   |   1   |   0   |   0   |   0   | P4 p2 |   0   | P1 p3 |   0   |   0   |   0   |   1   |   1   |   0   |
––––––––––––––––––––––––––––––––––––––––––––––––––––––––––––––––––––––––––––––––––––––––––––––––––––––––––––––––––––––––––––––––––––––––––––––––––––––––––
|   l1   |   0   |   0   |   1   |   1   |   0   |   0   |   0   |   0   |   0   |   0   |   0   |   2   |   1   |   1   |   1   |   1   |   0   | P3 p2 |
––––––––––––––––––––––––––––––––––––––––––––––––––––––––––––––––––––––––––––––––––––––––––––––––––––––––––––––––––––––––––––––––––––––––––––––––––––––––––
|   m1   |   0   |   0   |   0   |   1   |   1   |   0   |   0   | P4 p3 | P3 p3 |   0   |   0   |   0   |   0   |   0   |   0   |   0   |   0   |   0   |
––––––––––––––––––––––––––––––––––––––––––––––––––––––––––––––––––––––––––––––––––––––––––––––––––––––––––––––––––––––––––––––––––––––––––––––––––––––––––
|   n1   |   0   |   0   |   2   |   2   |   2   |   2   |   3   |   0   |   0   |   1   |   0   |   0   |   0   |   0   |   1   |   0   |   0   |   0   |
––––––––––––––––––––––––––––––––––––––––––––––––––––––––––––––––––––––––––––––––––––––––––––––––––––––––––––––––––––––––––––––––––––––––––––––––––––––––––
|   o1   |   0   |   0   |   1   |   0   |   1   |   1   |   1   |   0   |   0   |   1   |   0   | P5 p3 |   0   |   0   |   0   |   0   |   0   |   0   |
––––––––––––––––––––––––––––––––––––––––––––––––––––––––––––––––––––––––––––––––––––––––––––––––––––––––––––––––––––––––––––––––––––––––––––––––––––––––––
|   p1   |   0   |   0   |   0   |   1   |   1   |   0   |   1   |   2   |   0   |   2   |   0   |   0   |   0   |   0   |   0   |   2   |   0   |   0   |
––––––––––––––––––––––––––––––––––––––––––––––––––––––––––––––––––––––––––––––––––––––––––––––––––––––––––––––––––––––––––––––––––––––––––––––––––––––––––
|   q1   |   0   |   0   |   0   |   1   |   1   |   0   |   1   |   0   |   0   |   0   |   0   |   1   |   1   |   0   |   0   |   0   |   0   |   0   |
––––––––––––––––––––––––––––––––––––––––––––––––––––––––––––––––––––––––––––––––––––––––––––––––––––––––––––––––––––––––––––––––––––––––––––––––––––––––––
|   r1   |   0   |   0   |   0   |   0   |   0   |   0   |   0   |   2   |   1   |   1   |   0   |   0   |   0   |   0   |   0   |   0   |   0   |   0   |
––––––––––––––––––––––––––––––––––––––––––––––––––––––––––––––––––––––––––––––––––––––––––––––––––––––––––––––––––––––––––––––––––––––––––––––––––––––––––
|   s1   |   0   |   0   |   0   |   0   |   0   |   0   |   0   |   0   |   0   |   2   |   0   |   0   |   0   |   0   |   0   |   0   |   0   |   0   |
––––––––––––––––––––––––––––––––––––––––––––––––––––––––––––––––––––––––––––––––––––––––––––––––––––––––––––––––––––––––––––––––––––––––––––––––––––––––––
Pointer to penguins: 0x5c67b59524d0
No moves available!
